Index	Noun	Verb	Linking	Prefix	Particle	Freq	Nounpl	Verbpp	Verbzu	Verbfin
574	Zelt	abbauen	0		ab	5	Zelte	abgebaut	abzubauen	abbauten|abbaue|abbaut|abbauen|abbaute
274	Hand	abhacken	0		ab	14	Hände	abgehackt	abzuhacken	abhackt|abhackten|abhacken
53	Geld	abheben	0		ab	96	Gelder	abgehoben	abzuheben	abhebt|abhebe|abheben|abhob|abhoben
228	Dampf	ablassen	0		ab	17	Dämpfe	abgelassen	abzulassen	ablasse|abließ|abließen|abließe|abliessen|abliess|abläßt|ablassen|ablässt
480	Frust	ablassen	0		ab	7	Frusts	abgelassen	abzulassen	ablasse|abließ|abließen|abließe|abliessen|abliess|abläßt|ablassen|ablässt
554	Druck	ablassen	0		ab	6	Drucken	abgelassen	abzulassen	ablasse|abließ|abließen|abließe|abliessen|abliess|abläßt|ablassen|ablässt
62	Blut	abnehmen	0		ab	82	Blute	abgenommen	abzunehmen	abnahmen|abnahm|abnimmst|abnähmen|abnehmen|abnehme|abnähme|abnimmt
584	Tisch	abräumen	0		ab	5	Tische	abgeräumt	abzuräumen	abräumten|abräumen|abräumte|abräumt
59	Fett	absaugen	0		ab	85	Fette	abgesaugt	abzusaugen	absaugen|absaugt
180	Auto	abschaffen	0		ab	22	auto	abgeschafft	abzuschaffen	abschafften|abschaffen|abschaffte|abschaffe|abschafft
632	Kopf	abschlagen	0		ab	5	Köpfe	abgeschlagen	abzuschlagen	abschlagen|abschlägt|abschlug
531	Kot	absetzen	0		ab	6	Kote	abgesetzt	abzusetzen	absetzten|absetzt|absetze|absetzen|absetzte
572	Arsch	abwischen	0		ab	6	Ärsche	abgewischt	abzuwischen	abwischen|abwischt|abwischte
450	Telefon	anfragen	0		an	7	Telefone	angefragt	anzufragen	anfragte|anfrage|anfragen|anfragt|anfragten
164	Hand	anlegen	0		an	24	Hände	angelegt	anzulegen	anlege|anlegst|anlegten|anlegt|anlegte|anlegen
217	Geld	anlegen	0		an	18	Gelder	angelegt	anzulegen	anlege|anlegst|anlegten|anlegt|anlegte|anlegen
350	Zeit	ansagen	0		an	10	Zeiten	angesagt	anzusagen	ansagt|ansage|ansagte|ansagen|ansagten
477	Gefährder	anschreiben	0		an	7	Gefährder	angeschrieben	anzuschreiben	anschreibt|anschreiben|anschrieb
511	Schuss	antäuschen	0		an	6	Schuss	angetäuscht	X	antäuscht|antäuschen
312	Probe	anziehen	0		an	12	Proben	angezogen	anzuziehen	anziehen|anzog|anzieht|anzogen|anziehst|anziehe
501	Wasser	atmen	0			6	Wassern	geatmet	X	atmet|atmete|atmeten|atme|atmen|atmest
518	Plasma	ätzen	0			6	Plasma	geätzt	X	ätzt|ätzen|ätzten|ätzte|ätze
304	Zelt	aufbauen	0		auf	12	Zelten	aufgebaut	aufzubauen	aufbauen|aufbaut|aufbauten|aufbaust|aufbaute|aufbaue
578	Wasser	auffüllen	0		auf	5	Wassern	aufgefüllt	aufzufüllen	auffüllen|auffüllte|auffüllten|auffüllt|auffülle
220	Wäsche	aufhängen	0		auf	17	Wäschen	aufgehängt	aufzuhängen	aufhing|aufhängen|aufhängt|aufhängst
474	Hand	aufheben	0		auf	7	Hände	aufgehoben	aufzuheben	aufhebe|aufhoben|aufheben|aufhob|aufhöben|aufhebt
27	Hand	auflegen	0		auf	210	Hände	aufgelegt	aufzulegen	auflegen|auflege|auflegt|auflegten|auflegte
631	Kopf	auflegen	0		auf	5	Köpfe	aufgelegt	aufzulegen	auflegen|auflege|auflegt|auflegten|auflegte
302	Zimmer	aufräumen	0		auf	12	Zimmer	aufgeräumt	aufzuräumen	aufräumten|aufräumen|aufräumt|aufräumte
290	Milch	aufschäumen	0		auf	13	Milch	aufgeschäumt	aufzuschäumen	aufschäumen|aufschäumt
51	Geld	ausgeben	0		aus	110	Gelder	ausgegeben	auszugeben	ausgibt|ausgaben|ausgibst|ausgebt|ausgab|ausgäbe|ausgebe|ausgeben
593	Stall	ausmisten	0		aus	5	Ställen	ausgemistet	auszumisten	ausmistet|ausmisten
633	Koffer	auspacken	0		aus	5	Koffer	ausgepackt	auszupacken	auspackt|auspackte|auspacken|auspackten
529	Licht	ausschalten	0		aus	6	Lichter	ausgeschaltet	auszuschalten	ausschalten|ausschaltete|ausschaltet|ausschalteten
575	Zeitung	austragen	0		aus	5	Zeitungen	ausgetragen	auszutragen	austrug|austrägt|austragen|austrage|austrugen
351	Winter	austreiben	0		aus	10	Winter	ausgetrieben	auszutreiben	austrieb|austrieben|austreiben|austreibt
352	Trikot	ausziehen	0		aus	10	Trikots	ausgezogen	auszuziehen	auszog|auszogen|ausziehen|ausziehe|auszieht
378	Brot	backen	0			10	Broten	gebacken	X	buk|backt|buken|backte|backten|backen|bäckt|backe
86	Sauna	baden	0			55	Saunen	gebadet	X	baden|bade|badet|badeten|badete
240	Eis	baden	0			16	Eis	gebadet	X	baden|bade|badet|badeten|badete
388	Sand	baden	0			9	Sande	gebadet	X	baden|bade|badet|badeten|badete
497	Winter	baden	0			6	Winter	gebadet	X	baden|bade|badet|badeten|badete
507	Staub	baden	0			6	Stäuben	gebadet	X	baden|bade|badet|badeten|badete
612	Probe	baden	0			5	Proben	gebadet	X	baden|bade|badet|badeten|badete
561	Body	bangen	0			6	Bodys	gebangt	X	bangte|bange|bangt|bangten|bangen
193	Haus	bauen	0			20	Häusern	gebaut	X	baue|bauten|bauen|baust|baut|baute|bauet
417	Nest	bauen	0			8	Nestern	gebaut	X	baue|bauten|bauen|baust|baut|baute|bauet
523	Modell	bauen	0			6	Modellen	gebaut	X	baue|bauten|bauen|baust|baut|baute|bauet
636	Häusle	bauen	0			5	Häusle	gebaut	X	baue|bauten|bauen|baust|baut|baute|bauet
653	Gehäuse	berechnen	0	be		5	Gehäusen	berechnet	X	berechneten|berechnen|berechnete|berechne|berechnet
91	Pulver	beschichten	0	be		49	Pulver	beschichtet	X	beschichtete|beschichtet|beschichteten|beschichten
467	Laser	beschriften	0	be		7	Lasern	beschriftet	X	beschriftet|beschriften|beschrifteten|beschriftete
229	Band	bestehen	0	be		17	Bände	bestanden	X	bestanden|bestehst|bestünde|besteht|bestand|bestünden|bestehe|bestehen
646	Hand	biken	0			5	Hände	gebiket	X	bike|bikest|biket|bikete|biketest|biketet|biketen
490	Buch	binden	0			7	Büchern	gebunden	X	banden|binde|binden|band|bänden|bindet|bände
475	Glas	blasen	0			7	Gläsern	geblasen	X	blasen|blase|bläst|blies|blast|bliesen
478	Gast	bloggen	0			7	Gästen	gebloggt	X	bloggt|bloggte|blogge|bloggen|bloggten|bloggst
236	Sand	boarden	0			16	Sande	geboardet	X	boarde|boardest|boardet|boardete|boardetest|boardeten
481	Finger	boarden	0			7	Finger	geboardet	X	boarde|boardest|boardet|boardete|boardetest|boardeten
491	Body	boarden	0			7	Bodys	geboardet	X	boarde|boardest|boardet|boardete|boardetest|boardeten
202	Nase	bohren	0			19	Nasen	gebohrt	X	bohre|bohrst|bohrten|bohrt|bohren|bohrte
403	Brunnen	bohren	0			9	Brunnen	gebohrt	X	bohre|bohrst|bohrten|bohrt|bohren|bohrte
566	Beton	bohren	0			6	Betons	gebohrt	X	bohre|bohrst|bohrten|bohrt|bohren|bohrte
604	Schlag	bohren	0			5	Schlägen	gebohrt	X	bohre|bohrst|bohrten|bohrt|bohren|bohrte
514	Schatten	boxen	0			6	Schatten	geboxt	X	boxe|boxt|boxte|boxten|boxen
141	Bier	brauen	0			30	Biere	gebraut	X	brauten|brauen|braute|braue|braut
241	Brot	brechen	0			16	Broten	gebrochen	X	brachen|brichst|bricht|brecht|bracht|brach|bräche|breche|brechen
177	Kalk	brennen	0			22	Kalkes	gebrannt	X	brenne|brennten|brennt|brannte|brannten|brennen
192	Helium	brennen	0			20	Helium	gebrannt	X	brenne|brennten|brennt|brannte|brannten|brennen
295	Fohlen	brennen	0			13	Fohlen	gebrannt	X	brenne|brennten|brennt|brannte|brannten|brennen
309	Schnaps	brennen	0			12	Schnäpsen	gebrannt	X	brenne|brennten|brennt|brannte|brannten|brennen
471	Kohlenstoff	brennen	0			7	Kohlenstoffe	gebrannt	X	brenne|brennten|brennt|brannte|brannten|brennen
665	Branntwein	brennen	0			5	Branntweine	gebrannt	X	brenne|brennten|brennt|brannte|brannten|brennen
232	Wild	campen	0			16	Wild	gecampt	X	campen|campt|campe
174	Schlamm	catchen	0			22	Schlämmen	gecatcht	X	catche|catchst|catcht|catchte|catchtest|catchtet|catchten
524	Model	checken	0			6	Models	gecheckt	X	checkst|checkt|checkte|checken|checkten
267	Musik	denken	0			14	Musiken	gedacht	X	dachtest|denken|dachte|denkt|dachten|denke|denkst
363	Kästchen	denken	0			10	Kästchen	gedacht	X	dachtest|denken|dachte|denkt|dachten|denke|denkst
592	Standort	denken	0			5	Standorten	gedacht	X	dachtest|denken|dachte|denkt|dachten|denke|denkst
583	Traum	deuten	0			5	Träume	gedeutet	X	deutete|deute|deuteten|deuten|deutet
559	Chor	dirigieren	0			6	Chören	dirigiert	X	dirigiert|dirigieren|dirigiere|dirigierte|dirigierten
619	Orchester	dirigieren	0			5	Orchestern	dirigiert	X	dirigiert|dirigieren|dirigiere|dirigierte|dirigierten
206	Däumchen	drehen	0			19	däumchen	gedreht	X	drehte|drehten|drehen|dreht|drehst|drehe
453	Schlüssel	drehen	0			7	Schlüssel	gedreht	X	drehte|drehten|drehen|dreht|drehst|drehe
470	Kopf	drehen	0			7	Köpfe	gedreht	X	drehte|drehten|drehen|dreht|drehst|drehe
483	Film	drehen	0			7	Filme	gedreht	X	drehte|drehten|drehen|dreht|drehst|drehe
586	Teller	drehen	0			5	Teller	gedreht	X	drehte|drehten|drehen|dreht|drehst|drehe
613	Plan	drehen	0			5	Pläne	gedreht	X	drehte|drehten|drehen|dreht|drehst|drehe
623	Los	drehen	0			5	Losen	gedreht	X	drehte|drehten|drehen|dreht|drehst|drehe
342	Film	einlegen	0		ein	11	Filme	eingelegt	einzulegen	einlegen|einlege|einlegt|einlegten|einlegte
371	Gang	einlegen	0		ein	10	Gänge	eingelegt	einzulegen	einlegen|einlege|einlegt|einlegten|einlegte
409	Ventil	einstellen	0		ein	8	Ventile	eingestellt	einzustellen	einstellten|einstellen|einstellte|einstelle|einstellt
508	Spur	einstellen	0		ein	6	Spuren	eingestellt	einzustellen	einstellten|einstellen|einstellte|einstelle|einstellt
543	Geld	eintreiben	0		ein	6	Gelder	eingetrieben	einzutreiben	eintrieb|eintreibt|eintreiben|eintrieben
314	Moral	empfinden	0			12	Moral	empfunden	X	empfänden|empfindest|empfindet|empfanden|empfand|empfinden|empfinde|empfände
313	Natur	erkennen	0	er		12	Naturen	erkannt	X	erkannten|erkannte|erkenne|erkennen|erkennten|erkennte|erkennst|erkennt
122	Ei	erlaufen	0	er		35	Eier	erlaufen	X	erläuft|erliefen|erlaufen|erlief
144	Körper	erleben	0	er		29	Körper	erlebt	X	erlebt|erlebten|erlebte|erleben|erlebst|erlebe
147	Zeit	erleben	0	er		28	Zeiten	erlebt	X	erlebt|erlebten|erlebte|erleben|erlebst|erlebe
335	Raum	erleben	0	er		11	Räumen	erlebt	X	erlebt|erlebten|erlebte|erleben|erlebst|erlebe
423	Kultur	erleben	0	er		8	Kulturen	erlebt	X	erlebt|erlebten|erlebte|erleben|erlebst|erlebe
58	Ei	erlegen	0	er		86	Eier	erlegt	X	erlegten|erlegt|erlegte|erlegen
319	Draht	erodieren	0			12	Drähte	erodiert	X	erodiert|erodierte|erodierten|erodieren
360	Märchen	erzählen	0	er		10	Märchen	erzählt	X	erzählt|erzählten|erzählte|erzählst|erzählen|erzähle
1	Rad	fahren	0			3433	Räder	gefahren	X	fuhr|fahre|fährt|fahrt|führe|fuhren|fährst|fahren|führen
2	Auto	fahren	0			2338	auto	gefahren	X	fuhr|fahre|fährt|fahrt|führe|fuhren|fährst|fahren|führen
3	Ski	fahren	0			1775	Ski	gefahren	X	fuhr|fahre|fährt|fahrt|führe|fuhren|fährst|fahren|führen
6	Fahrrad	fahren	0			798	Fahrräder	gefahren	X	fuhr|fahre|fährt|fahrt|führe|fuhren|fährst|fahren|führen
8	Motorrad	fahren	0			553	Motorräder	gefahren	X	fuhr|fahre|fährt|fahrt|führe|fuhren|fährst|fahren|führen
12	Zeit	fahren	0			444	Zeiten	gefahren	X	fuhr|fahre|fährt|fahrt|führe|fuhren|fährst|fahren|führen
24	Kanu	fahren	0			245	Kanus	gefahren	X	fuhr|fahre|fährt|fahrt|führe|fuhren|fährst|fahren|führen
32	Bus	fahren	0			160	Bussen	gefahren	X	fuhr|fahre|fährt|fahrt|führe|fuhren|fährst|fahren|führen
34	Bahn	fahren	0			157	Bahnen	gefahren	X	fuhr|fahre|fährt|fahrt|führe|fuhren|fährst|fahren|führen
39	Probe	fahren	0			133	Proben	gefahren	X	fuhr|fahre|fährt|fahrt|führe|fuhren|fährst|fahren|führen
40	Boot	fahren	0			133	Booten	gefahren	X	fuhr|fahre|fährt|fahrt|führe|fuhren|fährst|fahren|führen
47	Ballon	fahren	0			116	Ballons	gefahren	X	fuhr|fahre|fährt|fahrt|führe|fuhren|fährst|fahren|führen
49	Zug	fahren	0			113	Zügen	gefahren	X	fuhr|fahre|fährt|fahrt|führe|fuhren|fährst|fahren|führen
50	Schlitten	fahren	0			111	Schlitten	gefahren	X	fuhr|fahre|fährt|fahrt|führe|fuhren|fährst|fahren|führen
56	Taxi	fahren	0			90	Taxis	gefahren	X	fuhr|fahre|fährt|fahrt|führe|fuhren|fährst|fahren|führen
61	Enduro	fahren	0			83	Enduros	gefahren	X	fuhr|fahre|fährt|fahrt|führe|fuhren|fährst|fahren|führen
64	Schi	fahren	0			77	Schi	gefahren	X	fuhr|fahre|fährt|fahrt|führe|fuhren|fährst|fahren|führen
67	Kajak	fahren	0			72	Kajaks	gefahren	X	fuhr|fahre|fährt|fahrt|führe|fuhren|fährst|fahren|führen
74	Moped	fahren	0			65	Mopeds	gefahren	X	fuhr|fahre|fährt|fahrt|führe|fuhren|fährst|fahren|führen
82	Roller	fahren	0			58	Roller	gefahren	X	fuhr|fahre|fährt|fahrt|führe|fuhren|fährst|fahren|führen
83	Velo	fahren	0			57	Velos	gefahren	X	fuhr|fahre|fährt|fahrt|führe|fuhren|fährst|fahren|führen
84	Hindernis	fahren	0			57	Hindernisse	gefahren	X	fuhr|fahre|fährt|fahrt|führe|fuhren|fährst|fahren|führen
96	Einrad	fahren	0			48	Einrädern	gefahren	X	fuhr|fahre|fährt|fahrt|führe|fuhren|fährst|fahren|führen
106	Gespann	fahren	0			44	Gespannen	gefahren	X	fuhr|fahre|fährt|fahrt|führe|fuhren|fährst|fahren|führen
107	Snowboard	fahren	0			42	Snowboards	gefahren	X	fuhr|fahre|fährt|fahrt|führe|fuhren|fährst|fahren|führen
131	Buggy	fahren	0			33	Buggys	gefahren	X	fuhr|fahre|fährt|fahrt|führe|fuhren|fährst|fahren|führen
137	Cabrio	fahren	0			31	Cabrios	gefahren	X	fuhr|fahre|fährt|fahrt|führe|fuhren|fährst|fahren|führen
140	Kegel	fahren	0			30	Kegeln	gefahren	X	fuhr|fahre|fährt|fahrt|führe|fuhren|fährst|fahren|führen
145	Bob	fahren	0			29	Bob	gefahren	X	fuhr|fahre|fährt|fahrt|führe|fuhren|fährst|fahren|führen
153	Motorboot	fahren	0			26	Motorbooten	gefahren	X	fuhr|fahre|fährt|fahrt|führe|fuhren|fährst|fahren|führen
160	Traktor	fahren	0			24	Traktoren	gefahren	X	fuhr|fahre|fährt|fahrt|führe|fuhren|fährst|fahren|führen
172	Gelände	fahren	0			23	Geländen	gefahren	X	fuhr|fahre|fährt|fahrt|führe|fuhren|fährst|fahren|führen
181	Skateboard	fahren	0			21	Skateboards	gefahren	X	fuhr|fahre|fährt|fahrt|führe|fuhren|fährst|fahren|führen
184	Achterbahn	fahren	0			21	Achterbahnen	gefahren	X	fuhr|fahre|fährt|fahrt|führe|fuhren|fährst|fahren|führen
197	Bagger	fahren	0			20	Bagger	gefahren	X	fuhr|fahre|fährt|fahrt|führe|fuhren|fährst|fahren|führen
211	Test	fahren	0			18	Tests	gefahren	X	fuhr|fahre|fährt|fahrt|führe|fuhren|fährst|fahren|führen
213	Schlittschuh	fahren	0			18	Schlittschuhe	gefahren	X	fuhr|fahre|fährt|fahrt|führe|fuhren|fährst|fahren|führen
214	Kunst	fahren	0			18	Künste	gefahren	X	fuhr|fahre|fährt|fahrt|führe|fuhren|fährst|fahren|führen
244	Zweirad	fahren	0			15	Zweiräder	gefahren	X	fuhr|fahre|fährt|fahrt|führe|fuhren|fährst|fahren|führen
284	Tandem	fahren	0			13	Tandems	gefahren	X	fuhr|fahre|fährt|fahrt|führe|fuhren|fährst|fahren|führen
285	Straßenbahn	fahren	0			13	Straßenbahnen	gefahren	X	fuhr|fahre|fährt|fahrt|führe|fuhren|fährst|fahren|führen
286	Slalom	fahren	0			13	Slaloms	gefahren	X	fuhr|fahre|fährt|fahrt|führe|fuhren|fährst|fahren|führen
289	Panzer	fahren	0			13	Panzer	gefahren	X	fuhr|fahre|fährt|fahrt|führe|fuhren|fährst|fahren|führen
297	Berg	fahren	0			13	Bergen	gefahren	X	fuhr|fahre|fährt|fahrt|führe|fuhren|fährst|fahren|führen
337	Kreuz	fahren	0			11	Kreuze	gefahren	X	fuhr|fahre|fährt|fahrt|führe|fuhren|fährst|fahren|führen
364	Kutsche	fahren	0			10	Kutschen	gefahren	X	fuhr|fahre|fährt|fahrt|führe|fuhren|fährst|fahren|führen
394	Kreis	fahren	0			9	Kreise	gefahren	X	fuhr|fahre|fährt|fahrt|führe|fuhren|fährst|fahren|führen
396	Karussell	fahren	0			9	Karussells	gefahren	X	fuhr|fahre|fährt|fahrt|führe|fuhren|fährst|fahren|führen
398	Inliner	fahren	0			9	Inliner	gefahren	X	fuhr|fahre|fährt|fahrt|führe|fuhren|fährst|fahren|führen
399	Hänger	fahren	0			9	Hänger	gefahren	X	fuhr|fahre|fährt|fahrt|führe|fuhren|fährst|fahren|führen
420	Mountainbike	fahren	0			8	Mountainbikes	gefahren	X	fuhr|fahre|fährt|fahrt|führe|fuhren|fährst|fahren|führen
438	Aufzug	fahren	0			8	Aufzügen	gefahren	X	fuhr|fahre|fährt|fahrt|führe|fuhren|fährst|fahren|führen
440	Anhänger	fahren	0			8	Anhänger	gefahren	X	fuhr|fahre|fährt|fahrt|führe|fuhren|fährst|fahren|führen
458	Rallye	fahren	0			7	Rallye	gefahren	X	fuhr|fahre|fährt|fahrt|führe|fuhren|fährst|fahren|führen
461	Nacht	fahren	0			7	Nächten	gefahren	X	fuhr|fahre|fährt|fahrt|führe|fuhren|fährst|fahren|führen
465	Lift	fahren	0			7	Lifte	gefahren	X	fuhr|fahre|fährt|fahrt|führe|fuhren|fährst|fahren|führen
512	Schiff	fahren	0			6	Schiffe	gefahren	X	fuhr|fahre|fährt|fahrt|führe|fuhren|fährst|fahren|führen
550	Eisenbahn	fahren	0			6	Eisenbahnen	gefahren	X	fuhr|fahre|fährt|fahrt|führe|fuhren|fährst|fahren|führen
552	Einspänner	fahren	0			6	Einspänner	gefahren	X	fuhr|fahre|fährt|fahrt|führe|fuhren|fährst|fahren|führen
555	Dreirad	fahren	0			6	Dreiräder	gefahren	X	fuhr|fahre|fährt|fahrt|führe|fuhren|fährst|fahren|führen
567	Autobahn	fahren	0			6	Autobahnen	gefahren	X	fuhr|fahre|fährt|fahrt|führe|fuhren|fährst|fahren|führen
591	Stapler	fahren	0			5	Stapler	gefahren	X	fuhr|fahre|fährt|fahrt|führe|fuhren|fährst|fahren|führen
597	Show	fahren	0			5	Shows	gefahren	X	fuhr|fahre|fährt|fahrt|führe|fuhren|fährst|fahren|führen
634	Kahn	fahren	0			5	Kähnen	gefahren	X	fuhr|fahre|fährt|fahrt|führe|fuhren|fährst|fahren|führen
648	Gondel	fahren	0			5	Gondeln	gefahren	X	fuhr|fahre|fährt|fahrt|führe|fuhren|fährst|fahren|führen
661	Cross	fahren	0			5	Cross	gefahren	X	fuhr|fahre|fährt|fahrt|führe|fuhren|fährst|fahren|führen
188	Wasser	fassen	0			20	Wassern	gefasst	X	faßt|fasst|fasse|fassen|faßte|faßten|fasste|fassten
345	Essen	fassen	0			11	Essen	gefasst	X	faßt|fasst|fasse|fassen|faßte|faßten|fasste|fassten
374	Fuß	fassen	0			10	Füsse	gefasst	X	faßt|fasst|fasse|fassen|faßte|faßten|fasste|fassten
654	Futter	fassen	0			5	futter	gefasst	X	faßt|fasst|fasse|fassen|faßte|faßten|fasste|fassten
252	Saft	fasten	0			15	Säfte	gefastet	X	fasteten|fasten|fastet|fastete|faste
451	Tee	fasten	0			7	Tees	gefastet	X	fasteten|fasten|fastet|fastete|faste
522	Obst	fasten	0			6	Obst	gefastet	X	fasteten|fasten|fastet|fastete|faste
222	Säbel	fechten	0			17	Säbeln	gefochten	X	fechten|ficht|focht|fochten|fechte
264	Stock	fechten	0			14	Stöcke	gefochten	X	fechten|ficht|focht|fochten|fechte
326	Sport	fechten	0			11	Sports	gefochten	X	fechten|ficht|focht|fochten|fechte
329	Schwert	fechten	0			11	Schwerter	gefochten	X	fechten|ficht|focht|fochten|fechte
308	Schnee	fegen	0			12	Schnee	gefegt	X	fegten|fegen|fegt|fegte|fege
627	Laub	fegen	0			5	Laub	gefegt	X	fegten|fegen|fegt|fegte|fege
571	Arsch	ficken	0			6	Ärsche	gefickt	X	fickte|fickst|ficken|fickt|ficke
671	Bau	finanzieren	0			5	Bauten	finanziert	X	finanziert|finanziere|finanzierte|finanzieren|finanzierten
411	Segel	fliegen	0			8	Segel	geflogen	X	fliegt|fliegst|flogen|flöge|fliege|flog|fliegen
488	Drachen	fliegen	0			7	Drachen	geflogen	X	fliegt|fliegst|flogen|flöge|fliege|flog|fliegen
215	Gras	fressen	0			18	Gras	gefressen	X	fraßen|frass|fresst|fräßen|frisst|fresse|frißt|fressen|fraß
237	Kilometer	fressen	0			16	Kilometer	gefressen	X	fraßen|frass|fresst|fräßen|frisst|fresse|frißt|fressen|fraß
273	Kot	fressen	0			14	Kote	gefressen	X	fraßen|frass|fresst|fräßen|frisst|fresse|frißt|fressen|fraß
330	Schnee	fressen	0			11	Schnee	gefressen	X	fraßen|frass|fresst|fräßen|frisst|fresse|frißt|fressen|fraß
368	Heu	fressen	0			10	Heu	gefressen	X	fraßen|frass|fresst|fräßen|frisst|fresse|frißt|fressen|fraß
433	Frust	fressen	0			8	Frusts	gefressen	X	fraßen|frass|fresst|fräßen|frisst|fresse|frißt|fressen|fraß
486	Feder	fressen	0			7	Federn	gefressen	X	fraßen|frass|fresst|fräßen|frisst|fresse|frißt|fressen|fraß
519	Pickel	fressen	0			6	Pickel	gefressen	X	fraßen|frass|fresst|fräßen|frisst|fresse|frißt|fressen|fraß
16	Gas	geben	0			327	Gase	gegeben	X	gibst|gebt|geben|gibbet|gabs|gäbe|gibt|gibts|gibs|gaben|gebe|gab
138	Almosen	geben	0			31	Almosen	gegeben	X	gibst|gebt|geben|gibbet|gabs|gäbe|gibt|gibts|gibs|gaben|gebe|gab
300	Arbeit	geben	0			13	Arbeiten	gegeben	X	gibst|gebt|geben|gibbet|gabs|gäbe|gibt|gibts|gibs|gaben|gebe|gab
358	Rat	geben	0			10	Räte	gegeben	X	gibst|gebt|geben|gibbet|gabs|gäbe|gibt|gibts|gibs|gaben|gebe|gab
414	Recht	geben	0			8	Rechte	gegeben	X	gibst|gebt|geben|gibbet|gabs|gäbe|gibt|gibts|gibs|gaben|gebe|gab
429	Hand	geben	0			8	Hände	gegeben	X	gibst|gebt|geben|gibbet|gabs|gäbe|gibt|gibts|gibs|gaben|gebe|gab
441	Zeugnis	geben	0			7	Zeugnisse	gegeben	X	gibst|gebt|geben|gibbet|gabs|gäbe|gibt|gibts|gibs|gaben|gebe|gab
493	Auftrag	geben	0			7	Aufträge	gegeben	X	gibst|gebt|geben|gibbet|gabs|gäbe|gibt|gibts|gibs|gaben|gebe|gab
614	Pfötchen	geben	0			5	Pfötchen	gegeben	X	gibst|gebt|geben|gibbet|gabs|gäbe|gibt|gibts|gibs|gaben|gebe|gab
78	Essen	gehen	0			62	Essen	gegangen	X	gehst|gehts|gehe|gehen|gehn|ging|gingen|gehet|gings|geht|ginge
533	Klo	gehen	0			6	Klos	gegangen	X	gehst|gehts|gehe|gehen|gehn|ging|gingen|gehet|gings|geht|ginge
600	Schwimmen	gehen	0			5	Schwimmen	gegangen	X	gehst|gehts|gehe|gehen|gehn|ging|gingen|gehet|gings|geht|ginge
603	Schritt	gehen	0			5	Schritte	gegangen	X	gehst|gehts|gehe|gehen|gehn|ging|gingen|gehet|gings|geht|ginge
70	Blei	gießen	0			69	Blei	gegossen	X	goss|giesst|gieße|gießen|gossen|gössen|giesse|goß|giessen|gießt
445	Vakuum	gießen	0			7	Vakuum	gegossen	X	goss|giesst|gieße|gießen|gossen|gössen|giesse|goß|giessen|gießt
487	Druck	gießen	0			7	Drucken	gegossen	X	goss|giesst|gieße|gießen|gossen|gössen|giesse|goß|giessen|gießt
628	Kugel	gießen	0			5	Kugeln	gegossen	X	goss|giesst|gieße|gießen|gossen|gössen|giesse|goß|giessen|gießt
80	Para	gleiten	0			60	Paras	geglitten	X	glitten|glitt|gleite|gleitet|gleiten
126	Wirbel	gleiten	0			34	Wirbel	geglitten	X	glitten|glitt|gleite|gleitet|gleiten
179	Ballon	glühen	0			22	Ballons	geglüht	X	glühten|glühen|glühte|glüht|glühe
669	Beute	greifen	0			5	Beute	gegriffen	X	greife|greifst|griffe|greift|griffen|greifen|griff
95	Fußball	gucken	0			48	Fußbälle	geguckt	X	gucken|gucke|guckst|guckten|guckte|guckt
155	Rudel	gucken	0			25	Rudeln	geguckt	X	gucken|gucke|guckst|guckten|guckte|guckt
247	Video	gucken	0			15	Videos	geguckt	X	gucken|gucke|guckst|guckten|guckte|guckt
482	Film	gucken	0			7	Filme	geguckt	X	gucken|gucke|guckst|guckten|guckte|guckt
516	Probe	gucken	0			6	Proben	geguckt	X	gucken|gucke|guckst|guckten|guckte|guckt
590	Stern	gucken	0			5	Sterne	geguckt	X	gucken|gucke|guckst|guckten|guckte|guckt
66	Teil	haben	0			72	Teile	gehabt	X	ham|haette|hab|habs|hatt|hät|hätt|hats
115	Recht	haben	0			38	Rechte	gehabt	X	ham|haette|hab|habs|hatt|hät|hätt|hats
166	Spaß	haben	0			23	Spass	gehabt	X	ham|haette|hab|habs|hatt|hät|hätt|hats
9	Kreuz	heben	0			481	Kreuze	gehoben	X	hob|heben|hub|hebt|hebst|hoben|hebe|huben
26	Gewicht	heben	0			219	Gewichte	gehoben	X	hob|heben|hub|hebt|hebst|hoben|hebe|huben
124	Bein	heben	0			35	Beine	gehoben	X	hob|heben|hub|hebt|hebst|hoben|hebe|huben
194	Hand	heben	0			20	Hände	gehoben	X	hob|heben|hub|hebt|hebst|hoben|hebe|huben
201	Schulter	heben	0			19	Schulter	gehoben	X	hob|heben|hub|hebt|hebst|hoben|hebe|huben
506	Stein	heben	0			6	Steine	gehoben	X	hob|heben|hub|hebt|hebst|hoben|hebe|huben
136	Geist	heilen	0			31	Geister	geheilt	X	heilte|heile|heilt|heilten|heilen
324	Willkommen	heißen	0			11	Willkommens	geheißen	X	heißen|hiess|heisst|heißt|hieße|heißet|hieß|hießen|heisse|heissen|heiße
469	Kopf	hochreißen	0		hoch	7	Köpfe	hochgerissen	hochzureißen	hochreisst|hochreissen|hochreißen|hochreißt
355	Stab	hochspringen	0		hoch	10	Stäbe	hochgesprungen	hochzuspringen	hochspringen
35	Luft	holen	0			151	Lüften	geholt	X	holst|holt|holte|holten|holen|hole
60	Atem	holen	0			85	Atem	geholt	X	holst|holt|holte|holten|holen|hole
97	Wasser	holen	0			47	Wassern	geholt	X	holst|holt|holte|holten|holen|hole
128	Brötchen	holen	0			34	Brötchen	geholt	X	holst|holt|holte|holten|holen|hole
196	Bier	holen	0			20	Biere	geholt	X	holst|holt|holte|holten|holen|hole
328	Schwung	holen	0			11	Schwüngen	geholt	X	holst|holt|holte|holten|holen|hole
439	Appetit	holen	0			8	Appetite	geholt	X	holst|holt|holte|holten|holen|hole
472	Kiel	holen	0			7	Kiele	geholt	X	holst|holt|holte|holten|holen|hole
525	Milch	holen	0			6	Milch	geholt	X	holst|holt|holte|holten|holen|hole
638	Holz	holen	0			5	Hölzer	geholt	X	holst|holt|holte|holten|holen|hole
14	Musik	hören	0			398	Musiken	gehört	X	hörst|hörte|höret|hört|höre|hören|hörten|hörtest
31	Probe	hören	0			163	Proben	gehört	X	hörst|hörte|höret|hört|höre|hören|hörten|hörtest
68	Radio	hören	0			71	Radios	gehört	X	hörst|hörte|höret|hört|höre|hören|hörten|hörtest
282	Test	hören	0			13	Tests	gehört	X	hörst|hörte|höret|hört|höre|hören|hörten|hörtest
366	Kopf	hören	0			10	Köpfe	gehört	X	hörst|hörte|höret|hört|höre|hören|hörten|hörtest
133	Insel	hüpfen	0			32	Inseln	gehüpft	X	hüpften|hüpfe|hüpft|hüpfen|hüpfte
647	Grund	immunisieren	0			5	Gründen	Immunisiert	X	immunisiert|immunisierten|immunisieren
148	Unkraut	jäten	0			28	Unkräuter	gejätet	X	jätet|jäten|jäteten
105	Kaugummi	kauen	0			44	Kaugummis	gekaut	X	kaute|kauten|kauen|kaue|kaut
673	Auto	kaufen	0			5	auto	gekauft	X	kauften|kaufen|kaufe|kaufet|kauft|kaufst|kaufte
253	Maus	klicken	0			15	mäuse	geklickt	X	klickt|klickte|klicken|klickten
41	Schulter	klopfen	0			131	Schulter	geklopft	X	klopft|klopfte|klopften|klopfen|klopfe
235	Schenkel	klopfen	0			16	Schenkeln	geklopft	X	klopft|klopfte|klopften|klopfen|klopfe
421	Monster	kloppen	0			8	Monster	gekloppt	X	kloppt|kloppen|kloppte|kloppten
538	Hoden	kneifen	0			6	Hoden	gekniffen	X	kneift|kneife|kniff|kniffen|kneifen
283	Teig	kneten	0			13	Teige	geknetet	X	knetet|kneten|knete|kneteten|knetete
449	Teppich	knüpfen	0			7	Teppichen	geknüpft	X	knüpfen|knüpfe|knüpft|knüpften|knüpfte
532	Knoten	knüpfen	0			6	Knoten	geknüpft	X	knüpfen|knüpfe|knüpft|knüpften|knüpfte
69	Kaffee	kochen	0			69	Kaffees	gekocht	X	kocht|kochte|kochten|kochen|koche
167	Show	kochen	0			23	Shows	gekocht	X	kocht|kochte|kochten|kochen|koche
187	Wasser	kochen	0			20	Wassern	gekocht	X	kocht|kochte|kochten|kochen|koche
218	Essen	kochen	0			18	Essen	gekocht	X	kocht|kochte|kochten|kochen|koche
245	Würze	kochen	0			15	Würze	gekocht	X	kocht|kochte|kochten|kochen|koche
248	Tee	kochen	0			15	Tees	gekocht	X	kocht|kochte|kochten|kochen|koche
413	Reis	kochen	0			8	Reis	gekocht	X	kocht|kochte|kochten|kochen|koche
527	Marmelade	kochen	0			6	Marmeladen	gekocht	X	kocht|kochte|kochten|kochen|koche
77	Raub	kopieren	0			63	Raubs	kopiert	X	kopierte|kopiere|kopiert|kopierten|kopieren
455	Rücken	kraulen	0			7	Rücken	gekrault	X	kraulten|krault|kraulen|kraulte
670	Bauch	kraulen	0			5	Bäuche	gekrault	X	kraulten|krault|kraulen|kraulte
299	Arsch	kriechen	0			13	Ärsche	gekrochen	X	krochen|kriecht|kreucht|kroch|kreuchen|kriechen
353	Traum	landen	0			10	Träume	gelandet	X	landet|landete|lande|landen|landest|landeten
354	Stamm	landen	0			10	Stämme	gelandet	X	landet|landete|lande|landen|landest|landeten
658	Feuer	landen	0			5	Feuern	gelandet	X	landet|landete|lande|landen|landest|landeten
15	Wasser	lassen	0			380	Wassern	gelassen	X	laßt|ließt|lasst|liesse|liess|lässt|ließe|ließ|ließen|lassen|läßt|lasse
255	Harn	lassen	0			15	Harn	gelassen	X	laßt|ließt|lasst|liesse|liess|lässt|ließe|ließ|ließen|lassen|läßt|lasse
301	Ader	lassen	0			13	Ader	gelassen	X	laßt|ließt|lasst|liesse|liess|lässt|ließe|ließ|ließen|lassen|läßt|lasse
576	Zeit	lassen	0			5	Zeiten	gelassen	X	laßt|ließt|lasst|liesse|liess|lässt|ließe|ließ|ließen|lassen|läßt|lasse
20	Eis	laufen	0			264	Eis	gelaufen	X	liefe|lief|liefen|lauft|läufts|läuft|laufe|läufst|laufen
151	Amok	laufen	0			28	Amok	gelaufen	X	liefe|lief|liefen|lauft|läufts|läuft|laufe|läufst|laufen
203	Marathon	laufen	0			19	Marathons	gelaufen	X	liefe|lief|liefen|lauft|läufts|läuft|laufe|läufst|laufen
227	Feuer	laufen	0			17	Feuern	gelaufen	X	liefe|lief|liefen|lauft|läufts|läuft|laufe|läufst|laufen
259	Berg	laufen	0			15	Bergen	gelaufen	X	liefe|lief|liefen|lauft|läufts|läuft|laufe|läufst|laufen
327	Slalom	laufen	0			11	Slaloms	gelaufen	X	liefe|lief|liefen|lauft|läufts|läuft|laufe|läufst|laufen
373	Fuß	laufen	0			10	Füsse	gelaufen	X	liefe|lief|liefen|lauft|läufts|läuft|laufe|läufst|laufen
377	Cross	laufen	0			10	Cross	gelaufen	X	liefe|lief|liefen|lauft|läufts|läuft|laufe|läufst|laufen
391	Paar	laufen	0			9	Paare	gelaufen	X	liefe|lief|liefen|lauft|läufts|läuft|laufe|läufst|laufen
452	Show	laufen	0			7	Shows	gelaufen	X	liefe|lief|liefen|lauft|läufts|läuft|laufe|läufst|laufen
498	Watt	laufen	0			6	Watt	gelaufen	X	liefe|lief|liefen|lauft|läufts|läuft|laufe|läufst|laufen
500	Wasser	laufen	0			6	Wassern	gelaufen	X	liefe|lief|liefen|lauft|läufts|läuft|laufe|läufst|laufen
513	Schi	laufen	0			6	Schi	gelaufen	X	liefe|lief|liefen|lauft|läufts|läuft|laufe|läufst|laufen
568	Ausdauer	laufen	0			6	Ausdauer	gelaufen	X	liefe|lief|liefen|lauft|läufts|läuft|laufe|läufst|laufen
598	Seil	laufen	0			5	Seile	gelaufen	X	liefe|lief|liefen|lauft|läufts|läuft|laufe|läufst|laufen
626	Leine	laufen	0			5	Leinen	gelaufen	X	liefe|lief|liefen|lauft|läufts|läuft|laufe|läufst|laufen
666	Bogen	laufen	0			5	Bögen	gelaufen	X	liefe|lief|liefen|lauft|läufts|läuft|laufe|läufst|laufen
298	Arsch	lecken	0			13	Ärsche	geleckt	X	leckt|leckte|lecken|lecke|leckten
361	Mast	legen	0			10	Masten	gelegt	X	legte|legst|lege|legten|legen|legt
369	Grab	legen	0			10	Gräber	gelegt	X	legte|legst|lege|legten|legen|legt
434	Feuer	legen	0			8	Feuern	gelegt	X	legte|legst|lege|legten|legen|legt
562	Boden	legen	0			6	Böden	gelegt	X	legte|legst|lege|legten|legen|legt
635	Kabel	legen	0			5	Kabeln	gelegt	X	legte|legst|lege|legten|legen|legt
234	Spiel	leiten	0			16	Spiele	geleitet	X	leitet|leitete|leitest|leiteten|leiten|leite
100	Feder	lesen	0			47	Federn	gelesen	X	lest|läse|last|läsen|liest|lese|lesen|leset|lasen|las
630	Korrektur	lesen	0			5	Korrekturen	gelesen	X	lest|läse|last|läsen|liest|lese|lesen|leset|lasen|las
675	Anker	lichten	0			5	Anker	gelichtet	X	lichtet|lichte|lichtete|lichteten|lichten
427	Kalk	löschen	0			8	Kalkes	gelöscht	X	löschte|löschten|löscht|löschen|lösche
334	Rätsel	lösen	0			11	Rätsel	gelöst	X	lösten|lösen|löste|löse|löst
387	Schleim	lösen	0			9	Schleime	gelöst	X	lösten|lösen|löste|löse|löst
430	Haken	lösen	0			8	Haken	gelöst	X	lösten|lösen|löste|löse|löst
443	Wasser	lösen	0			7	Wassern	gelöst	X	lösten|lösen|löste|löse|löst
152	Daumen	lutschen	0			27	Daumen	gelutscht	X	lutschten|lutschte|lutschen|lutscht
602	Schwanz	lutschen	0			5	Schwänze	gelutscht	X	lutschten|lutschte|lutschen|lutscht
29	Musik	machen	0			187	Musiken	gemacht	X	macht|machte|machet|mache|machst|machten|machen|machts
71	Feuer	machen	0			68	Feuern	gemacht	X	macht|machte|machet|mache|machst|machten|machen|machts
79	Mut	machen	0			61	Mutes	gemacht	X	macht|machte|machet|mache|machst|machten|machen|machts
112	Radio	machen	0			40	Radios	gemacht	X	macht|machte|machet|mache|machst|machten|machen|machts
150	Beute	machen	0			28	Beute	gemacht	X	macht|machte|machet|mache|machst|machten|machen|machts
161	Schluss	machen	0			24	Schlüsse	gemacht	X	macht|machte|machet|mache|machst|machten|machen|machts
163	Party	machen	0			24	Partys	gemacht	X	macht|machte|machet|mache|machst|machten|machen|machts
171	Pipi	machen	0			23	Pipi	gemacht	X	macht|machte|machet|mache|machst|machten|machen|machts
226	Geld	machen	0			17	Gelder	gemacht	X	macht|machte|machet|mache|machst|machten|machen|machts
254	Liebe	machen	0			15	Liebe	gemacht	X	macht|machte|machet|mache|machst|machten|machen|machts
257	Glas	machen	0			15	Gläsern	gemacht	X	macht|machte|machet|mache|machst|machten|machen|machts
262	Theater	machen	0			14	Theatern	gemacht	X	macht|machte|machet|mache|machst|machten|machen|machts
275	Grab	machen	0			14	Gräber	gemacht	X	macht|machte|machet|mache|machst|machten|machen|machts
288	Politik	machen	0			13	Politiken	gemacht	X	macht|machte|machet|mache|machst|machten|machen|machts
305	Wein	machen	0			12	Weine	gemacht	X	macht|machte|machet|mache|machst|machten|machen|machts
316	Heu	machen	0			12	Heu	gemacht	X	macht|machte|machet|mache|machst|machten|machen|machts
322	Angst	machen	0			12	Ängsten	gemacht	X	macht|machte|machet|mache|machst|machten|machen|machts
338	Kopf	machen	0			11	Köpfe	gemacht	X	macht|machte|machet|mache|machst|machten|machen|machts
344	Fehler	machen	0			11	Fehler	gemacht	X	macht|machte|machet|mache|machst|machten|machen|machts
389	Platz	machen	0			9	Plätze	gemacht	X	macht|machte|machet|mache|machst|machten|machen|machts
400	Holz	machen	0			9	Hölzer	gemacht	X	macht|machte|machet|mache|machst|machten|machen|machts
446	Urlaub	machen	0			7	Urlaubs	gemacht	X	macht|machte|machet|mache|machst|machten|machen|machts
459	Profit	machen	0			7	Profite	gemacht	X	macht|machte|machet|mache|machst|machten|machen|machts
530	Käse	machen	0			6	Käse	gemacht	X	macht|machte|machet|mache|machst|machten|machen|machts
547	Foto	machen	0			6	Fotos	gemacht	X	macht|machte|machet|mache|machst|machten|machen|machts
585	Tempo	machen	0			5	Tempi	gemacht	X	macht|machte|machet|mache|machst|machten|machen|machts
621	Lust	machen	0			5	Lüste	gemacht	X	macht|machte|machet|mache|machst|machten|machen|machts
629	Kreuzchen	machen	0			5	Kreuzchen	gemacht	X	macht|machte|machet|mache|machst|machten|machen|machts
655	Frühstück	machen	0			5	Frühstücken	gemacht	X	macht|machte|machet|mache|machst|machten|machen|machts
28	Rasen	mähen	0			200	Rasen	gemäht	X	mähe|mäht|mähten|mähte|mähen
395	Kiefer	mahlen	0			9	Kiefern	gemahlen	X	mahlten|mahlen|mahlte|mahle|mahlt
468	Korn	mahlen	0			7	Körnern	gemahlen	X	mahlten|mahlen|mahlte|mahle|mahlt
650	Getreide	mahlen	0			5	Getreide	gemahlen	X	mahlten|mahlen|mahlte|mahle|mahlt
393	Kuh	melken	0			9	Kühe	gemolken	X	molk|melkt|melken
216	Gift	mischen	0			18	Gifte	gemischt	X	mischt|mischte|mische|mischen|mischst|mischten
380	Ballon	modellieren	0			10	Ballons	modelliert	X	modellierten|modellierte|modellieren|modelliert
379	Bett	nässen	0			10	Betten	genäßt	X	nässt|nässen|näßt
4	Teil	nehmen	0			848	Teile	genommen	X	nehmen|nimmst|nehm|nehme|nahmst|nahm|nähmen|nimmt|nähme|nehmt|nahmen
21	Abschied	nehmen	0			259	Abschiede	genommen	X	nehmen|nimmst|nehm|nehme|nahmst|nahm|nähmen|nimmt|nähme|nehmt|nahmen
109	Maß	nehmen	0			41	Maße	genommen	X	nehmen|nimmst|nehm|nehme|nahmst|nahm|nähmen|nimmt|nähme|nehmt|nahmen
170	Platz	nehmen	0			23	Plätze	genommen	X	nehmen|nimmst|nehm|nehme|nahmst|nahm|nähmen|nimmt|nähme|nehmt|nahmen
381	Anteil	nehmen	0			10	Anteilen	genommen	X	nehmen|nimmst|nehm|nehme|nahmst|nahm|nähmen|nimmt|nähme|nehmt|nahmen
405	Abstand	nehmen	0			9	Abständen	genommen	X	nehmen|nimmst|nehm|nehme|nahmst|nahm|nähmen|nimmt|nähme|nehmt|nahmen
495	Zeit	nehmen	0			6	Zeiten	genommen	X	nehmen|nimmst|nehm|nehme|nahmst|nahm|nähmen|nimmt|nähme|nehmt|nahmen
499	Wasser	nehmen	0			6	Wassern	genommen	X	nehmen|nimmst|nehm|nehme|nahmst|nahm|nähmen|nimmt|nähme|nehmt|nahmen
505	Stellung	nehmen	0			6	Stellungen	genommen	X	nehmen|nimmst|nehm|nehme|nahmst|nahm|nähmen|nimmt|nähme|nehmt|nahmen
607	Rücksicht	nehmen	0			5	Rücksichten	genommen	X	nehmen|nimmst|nehm|nehme|nahmst|nahm|nähmen|nimmt|nähme|nehmt|nahmen
659	Einfluss	nehmen	0			5	Einflüssen	genommen	X	nehmen|nimmst|nehm|nehme|nahmst|nahm|nähmen|nimmt|nähme|nehmt|nahmen
23	Kopf	nicken	0			251	Köpfe	genickt	X	nickte|nickten|nicken|nickt|nickst|nicke
134	Tür	öffnen	0			31	Türen	geöffnet	X	öffneten|öffnest|öffne|öffnete|öffnet|öffnen
435	Blümchen	pflücken	0			8	Blümchen	gepflückt	X	pflückte|pflückten|pflücken|pflücke|pflückt
239	Feder	picken	0			16	Federn	gepickt	X	pickte|picket|pickt|pickten|picke|picken
620	Moral	predigen	0			5	Moral	gepredigt	X	predigen|predigst|predige|predigten|predigte|predigt
644	Hass	predigen	0			5	Hass	gepredigt	X	predigen|predigst|predige|predigten|predigte|predigt
424	Kreis	punzen	0			8	Kreise	gepunzt	X	punze|punzt|punzte|punztest|puntztet|puntzten
118	Kunstrad	fahren	0			36	Kunsträder	gefahren	X	radfährt|radfahren
608	Rätsel	raten	0			5	Rätsel	geraten	X	rät|rätst|raten|rate|riet|rieten
94	Tabak	rauchen	0			48	Tabaks	geraucht	X	raucht|rauchen|rauche|rauchst|rauchten|rauchte
520	Pfeife	rauchen	0			6	Pfeifen	geraucht	X	raucht|rauchen|rauche|rauchst|rauchten|rauchte
539	Haschisch	rauchen	0			6	Haschisch	geraucht	X	raucht|rauchen|rauche|rauchst|rauchten|rauchte
43	Kopf	rechnen	0			129	Köpfe	gerechnet	X	rechnet|rechne|rechneten|rechnete|rechnen|rechnest
113	Bruch	rechnen	0			39	Brüche	gerechnet	X	rechnet|rechne|rechneten|rechnete|rechnen|rechnest
169	Prozent	rechnen	0			23	Prozente	gerechnet	X	rechnet|rechne|rechneten|rechnete|rechnen|rechnest
205	Fach	rechnen	0			19	Fächern	gerechnet	X	rechnet|rechne|rechneten|rechnete|rechnen|rechnest
667	Blitz	rechnen	0			5	Blitzen	gerechnet	X	rechnet|rechne|rechneten|rechnete|rechnen|rechnest
456	Revier	reinigen	0			7	Reviere	gereinigt	X	reinige|reinigt|reinigten|reinigen|reinigte
502	Ultraschall	reinigen	0			6	Ultraschall	gereinigt	X	reinige|reinigt|reinigten|reinigen|reinigte
349	Zeit	reisen	0			10	Zeiten	gereist	X	reist|reiste|reisten|reisen|reise
18	Western	reiten	0			315	Western	geritten	X	ritt|reitet|reitest|reite|ritten|reiten
19	Pony	reiten	0			274	Ponys	geritten	X	ritt|reitet|reitest|reite|ritten|reiten
42	Dressur	reiten	0			131	Dressuren	geritten	X	ritt|reitet|reitest|reite|ritten|reiten
81	Distanz	reiten	0			59	Distanzen	geritten	X	ritt|reitet|reitest|reite|ritten|reiten
103	Kamel	reiten	0			45	Kamele	geritten	X	ritt|reitet|reitest|reite|ritten|reiten
116	Gelände	reiten	0			38	Geländen	geritten	X	ritt|reitet|reitest|reite|ritten|reiten
127	Probe	reiten	0			34	Proben	geritten	X	ritt|reitet|reitest|reite|ritten|reiten
154	Freizeit	reiten	0			26	Freizeiten	geritten	X	ritt|reitet|reitest|reite|ritten|reiten
159	Esel	reiten	0			25	Esel	geritten	X	ritt|reitet|reitest|reite|ritten|reiten
175	Ring	reiten	0			22	Ringe	geritten	X	ritt|reitet|reitest|reite|ritten|reiten
183	Jagd	reiten	0			21	Jagd	geritten	X	ritt|reitet|reitest|reite|ritten|reiten
221	Turnier	reiten	0			17	Turniere	geritten	X	ritt|reitet|reitest|reite|ritten|reiten
294	Hof	reiten	0			13	Höfen	geritten	X	ritt|reitet|reitest|reite|ritten|reiten
307	Schritt	reiten	0			12	Schritte	geritten	X	ritt|reitet|reitest|reite|ritten|reiten
402	Busch	reiten	0			9	Büschen	geritten	X	ritt|reitet|reitest|reite|ritten|reiten
419	Musik	reiten	0			8	Musiken	geritten	X	ritt|reitet|reitest|reite|ritten|reiten
473	Hindernis	reiten	0			7	Hindernisse	geritten	X	ritt|reitet|reitest|reite|ritten|reiten
509	Sport	reiten	0			6	Sports	geritten	X	ritt|reitet|reitest|reite|ritten|reiten
545	Gang	reiten	0			6	Gänge	geritten	X	ritt|reitet|reitest|reite|ritten|reiten
656	Fron	reiten	0			5	Fronen	geritten	X	ritt|reitet|reitest|reite|ritten|reiten
311	Ring	richten	0			12	Ringe	gerichtet	X	richten|richteten|richtet|richtete|richte
209	Wald	roden	0			18	Wäldern	gerodet	X	rodet|rodeten|roden|rode
618	Panorama	röntgen	0			5	Panoramen	geröntgt	X	röntgt|röntgen
45	Koma	saufen	0			124	Komas	gesoffen	X	sauft|säuft|saufen|soff|saufe|soffen
432	Frust	saufen	0			8	Frusts	gesoffen	X	sauft|säuft|saufen|soff|saufe|soffen
535	Kampf	saufen	0			6	Kämpfe	gesoffen	X	sauft|säuft|saufen|soff|saufe|soffen
553	Eimer	saufen	0			6	Eimern	gesoffen	X	sauft|säuft|saufen|soff|saufe|soffen
564	Bier	saufen	0			6	Biere	gesoffen	X	sauft|säuft|saufen|soff|saufe|soffen
657	Flatrate	saufen	0			5	Flatrate	gesoffen	X	sauft|säuft|saufen|soff|saufe|soffen
132	Kartoffel	schälen	0			32	Kartoffeln	geschält	X	schält|schäle|schälen|schälte|schälten
265	Schnee	schieben	0			14	Schnee	geschoben	X	schöben|schoben|schiebt|schiebst|schob|schiebe|schieben
408	Wache	schieben	0			8	Wachen	geschoben	X	schöben|schoben|schiebt|schiebst|schob|schiebe|schieben
5	Bogen	schießen	0			812	Bögen	geschossen	X	schoß|schiesst|schieße|schießen|schössen|schossen|schiesse|schoss|schießt|schiessen
33	Vogel	schießen	0			157	Vögel	geschossen	X	schoß|schiesst|schieße|schießen|schössen|schossen|schiesse|schoss|schießt|schiessen
36	Preis	schießen	0			146	Preisen	geschossen	X	schoß|schiesst|schieße|schießen|schössen|schossen|schiesse|schoss|schießt|schiessen
37	Penalty	schießen	0			139	Penaltys	geschossen	X	schoß|schiesst|schieße|schießen|schössen|schossen|schiesse|schoss|schießt|schiessen
52	Sport	schießen	0			96	Sports	geschossen	X	schoß|schiesst|schieße|schießen|schössen|schossen|schiesse|schoss|schießt|schiessen
54	Pokal	schießen	0			92	Pokale	geschossen	X	schoß|schiesst|schieße|schießen|schössen|schossen|schiesse|schoss|schießt|schiessen
92	Gau	schießen	0			49	Gauen	geschossen	X	schoß|schiesst|schieße|schießen|schössen|schossen|schiesse|schoss|schießt|schiessen
119	Eis	schießen	0			36	Eis	geschossen	X	schoß|schiesst|schieße|schießen|schössen|schossen|schiesse|schoss|schießt|schiessen
135	Probe	schießen	0			31	Proben	geschossen	X	schoß|schiesst|schieße|schießen|schössen|schossen|schiesse|schoss|schießt|schiessen
139	Meter	schießen	0			30	Metern	geschossen	X	schoß|schiesst|schieße|schießen|schössen|schossen|schiesse|schoss|schießt|schiessen
165	Ziel	schießen	0			23	Ziele	geschossen	X	schoß|schiesst|schieße|schießen|schössen|schossen|schiesse|schoss|schießt|schiessen
199	Stock	schießen	0			19	Stöcke	geschossen	X	schoß|schiesst|schieße|schießen|schössen|schossen|schiesse|schoss|schießt|schiessen
223	Strafstoß	schießen	0			17	Strafstößen	geschossen	X	schoß|schiesst|schieße|schießen|schössen|schossen|schiesse|schoss|schießt|schiessen
233	Tor	schießen	0			16	Toren	geschossen	X	schoß|schiesst|schieße|schießen|schössen|schossen|schiesse|schoss|schießt|schiessen
278	Böller	schießen	0			14	Böller	geschossen	X	schoß|schiesst|schieße|schießen|schössen|schossen|schiesse|schoss|schießt|schiessen
325	Vorderlader	schießen	0			11	Vorderlader	geschossen	X	schoß|schiesst|schieße|schießen|schössen|schossen|schiesse|schoss|schießt|schiessen
332	Schluss	schießen	0			11	Schlüsse	geschossen	X	schoß|schiesst|schieße|schießen|schössen|schossen|schiesse|schoss|schießt|schiessen
340	Gewehr	schießen	0			11	Gewehre	geschossen	X	schoß|schiesst|schieße|schießen|schössen|schossen|schiesse|schoss|schießt|schiessen
348	Adler	schießen	0			11	Adler	geschossen	X	schoß|schiesst|schieße|schießen|schössen|schossen|schiesse|schoss|schießt|schiessen
357	Salut	schießen	0			10	Salute	geschossen	X	schoß|schiesst|schieße|schießen|schössen|schossen|schiesse|schoss|schießt|schiessen
367	Kloot	schießen	0			10	Kloot	geschossen	X	schoß|schiesst|schieße|schießen|schössen|schossen|schiesse|schoss|schießt|schiessen
382	Western	schießen	0			9	Western	geschossen	X	schoß|schiesst|schieße|schießen|schössen|schossen|schiesse|schoss|schießt|schiessen
397	Kaiser	schießen	0			9	Kaiser	geschossen	X	schoß|schiesst|schieße|schießen|schössen|schossen|schiesse|schoss|schießt|schiessen
418	Nacht	schießen	0			8	Nächten	geschossen	X	schoß|schiesst|schieße|schießen|schössen|schossen|schiesse|schoss|schießt|schiessen
447	Test	schießen	0			7	Tests	geschossen	X	schoß|schiesst|schieße|schießen|schössen|schossen|schiesse|schoss|schießt|schiessen
489	Dorf	schießen	0			7	Dörfer	geschossen	X	schoß|schiesst|schieße|schießen|schössen|schossen|schiesse|schoss|schießt|schiessen
577	Wettkampf	schießen	0			5	Wettkämpfe	geschossen	X	schoß|schiesst|schieße|schießen|schössen|schossen|schiesse|schoss|schießt|schiessen
594	Spaß	schießen	0			5	Spass	geschossen	X	schoß|schiesst|schieße|schießen|schössen|schossen|schiesse|schoss|schießt|schiessen
617	Panzer	schießen	0			5	Panzer	geschossen	X	schoß|schiesst|schieße|schießen|schössen|schossen|schiesse|schoss|schießt|schiessen
637	Hubertus	schießen	0			5	Hubertus	geschossen	X	schoß|schiesst|schieße|schießen|schössen|schossen|schiesse|schoss|schießt|schiessen
641	Herbst	schießen	0			5	Herbste	geschossen	X	schoß|schiesst|schieße|schießen|schössen|schossen|schiesse|schoss|schießt|schiessen
663	Bürger	schießen	0			5	Bürger	geschossen	X	schoß|schiesst|schieße|schießen|schössen|schossen|schiesse|schoss|schießt|schiessen
323	Zeit	schinden	0			11	Zeiten	geschunden	X	schund|schinden|schindet
611	Probe	schlafen	0			5	Proben	geschlafen	X	schlafen|schlafe|schläfst|schlief|schlaft|schliefe|schläft|schliefen
87	Topf	schlagen	0			52	Töpfen	geschlagen	X	schlage|schlägt|schlug|schlügen|schlagt|schlagen|schlugen|schlägst
117	Flügel	schlagen	0			38	Flügel	geschlagen	X	schlage|schlägt|schlug|schlügen|schlagt|schlagen|schlugen|schlägst
158	Lenker	schlagen	0			25	Lenker	geschlagen	X	schlage|schlägt|schlug|schlügen|schlagt|schlagen|schlugen|schlägst
204	Kopf	schlagen	0			19	Köpfe	geschlagen	X	schlage|schlägt|schlug|schlügen|schlagt|schlagen|schlugen|schlägst
256	Haken	schlagen	0			15	Haken	geschlagen	X	schlage|schlägt|schlug|schlügen|schlagt|schlagen|schlugen|schlägst
287	Rad	schlagen	0			13	Räder	geschlagen	X	schlage|schlägt|schlug|schlügen|schlagt|schlagen|schlugen|schlägst
343	Feuer	schlagen	0			11	Feuern	geschlagen	X	schlage|schlägt|schlug|schlügen|schlagt|schlagen|schlugen|schlägst
537	Holz	schlagen	0			6	Hölzer	geschlagen	X	schlage|schlägt|schlug|schlügen|schlagt|schlagen|schlugen|schlägst
601	Schweif	schlagen	0			5	Schweif	geschlagen	X	schlage|schlägt|schlug|schlügen|schlagt|schlagen|schlugen|schlägst
605	Schaum	schlagen	0			5	Schäume	geschlagen	X	schlage|schlägt|schlug|schlügen|schlagt|schlagen|schlugen|schlägst
17	Zucker	schlecken	0			324	Zucker	geschleckt	X	schleckte|schleckten|schlecken|schleckt
178	Honig	schlecken	0			22	Honige	geschleckt	X	schleckte|schleckten|schlecken|schleckt
551	Eis	schlecken	0			6	Eis	geschleckt	X	schleckte|schleckten|schlecken|schleckt
410	Streit	schlichten	0			8	Streiten	geschlichtet	X	schlichteten|schlichten|schlichtet|schlichtete|schlichte
662	Cocktail	schlürfen	0			5	Cocktails	geschlürft	X	schlürfen|schlürfte|schlürften|schlürft|schlürfe
157	Luft	schnappen	0			25	Lüften	geschnappt	X	schnappten|schnappen|schnappe|schnappt|schnappte
496	Wurst	schnappen	0			6	Würste	geschnappt	X	schnappten|schnappen|schnappe|schnappt|schnappte
291	Kürbis	schnitzen	0			13	Kürbis	geschnitzt	X	schnitzte|schnitzten|schnitzen|schnitze|schnitzt
293	Holz	schnitzen	0			13	Hölzer	geschnitzt	X	schnitzte|schnitzten|schnitzen|schnitze|schnitzt
541	Gemüse	schnitzen	0			6	Gemüse	geschnitzt	X	schnitzte|schnitzten|schnitzen|schnitze|schnitzt
573	Apfel	schnitzen	0			6	Äpfel	geschnitzt	X	schnitzte|schnitzten|schnitzen|schnitze|schnitzt
556	Deck	schrubben	0			6	Decks	geschrubbt	X	schrubbten|schrubben|schrubbt|schrubbte
454	Saft	schubsen	0			7	Säfte	geschubst	X	schubse|schubst|schubsten|schubsen|schubste
526	Maus	schubsen	0			6	mäuse	geschubst	X	schubse|schubst|schubsten|schubsen|schubste
339	Gold	schürfen	0			11	Goldes	geschürft	X	schürften|schürfen|schürfte|schürft
168	Rücken	schweben	0			23	Rücken	geschwebt	X	schwebt|schwebten|schwebst|schwebte|schweben|schwebe
110	Laser	schweißen	0			41	Lasern	geschweißt	X	schweißen|schweissen|schweiße|schweisst|schweißten|schweißte|schweißt|schweisste|schweisse
162	Punkt	schweißen	0			24	Punkte	geschweißt	X	schweißen|schweissen|schweiße|schweisst|schweißten|schweißte|schweißt|schweisste|schweisse
210	Ultraschall	schweißen	0			18	Ultraschalles	geschweißt	X	schweißen|schweissen|schweiße|schweisst|schweißten|schweißte|schweißt|schweisste|schweisse
225	Kunststoff	schweißen	0			17	kunststoffe	geschweißt	X	schweißen|schweissen|schweiße|schweisst|schweißten|schweißte|schweißt|schweisste|schweisse
336	Plasma	schweißen	0			11	Plasma	geschweißt	X	schweißen|schweissen|schweiße|schweisst|schweißten|schweißte|schweißt|schweisste|schweisse
346	Elektro	schweißen	0			11	Elektro	geschweißt	X	schweißen|schweissen|schweiße|schweisst|schweißten|schweißte|schweißt|schweisste|schweisse
347	Bolzen	schweißen	0			11	Bolzen	geschweißt	X	schweißen|schweissen|schweiße|schweisst|schweißten|schweißte|schweißt|schweisste|schweisse
569	Auftrag	schweißen	0			6	Aufträge	geschweißt	X	schweißen|schweissen|schweiße|schweisst|schweißten|schweißte|schweißt|schweisste|schweisse
609	Roboter	schweißen	0			5	Roboter	geschweißt	X	schweißen|schweissen|schweiße|schweisst|schweißten|schweißte|schweißt|schweisste|schweisse
479	Fähnchen	schwenken	0			7	Fähnchen	geschwenkt	X	schwenkte|schwenkten|schwenken|schwenke|schwenkt
437	Bach	schwinden	0			8	Bäche	geschwunden	X	schwindet|schwänden|schwand|schwanden|schwinden|schwinde
207	Aura	sehen	0			19	Auren	gesehn	X	sähe|sah|seht|siehts|sahst|siehst|sieht|sehe|sehen|sahen|seh
200	Segel	setzen	0			19	Segel	gesetzt	X	setzten|setzen|setzte|setze|setzet|setzt
485	Feuer	setzen	0			7	Feuern	gesetzt	X	setzten|setzen|setzte|setze|setzet|setzt
625	Licht	setzen	0			5	Lichter	gesetzt	X	setzten|setzen|setzte|setze|setzet|setzt
599	Seife	sieden	0			5	Seife	gesotten	X	sott|sieden|sotten|siedet
606	Salz	sieden	0			5	Salze	gesotten	X	sott|sieden|sotten|siedet
93	Ei	singen	0			49	Eier	gesungen	X	sänge|singet|singt|sangen|sang|singen|singe|singst
270	Mantra	singen	0			14	Mantras	gesungen	X	sänge|singet|singt|sangen|sang|singen|singe|singst
272	Kritik	singen	0			14	Kritiken	gesungen	X	sänge|singet|singt|sangen|sang|singen|singe|singst
362	Mai	singen	0			10	Mai	gesungen	X	sänge|singet|singt|sangen|sang|singen|singe|singst
404	Blatt	singen	0			9	Blätter	gesungen	X	sänge|singet|singt|sangen|sang|singen|singe|singst
426	Karaoke	singen	0			8	Karaoke	gesungen	X	sänge|singet|singt|sangen|sang|singen|singe|singst
515	Probe	singen	0			6	Proben	gesungen	X	sänge|singet|singt|sangen|sang|singen|singe|singst
517	Preis	singen	0			6	Preisen	gesungen	X	sänge|singet|singt|sangen|sang|singen|singe|singst
596	Sommer	singen	0			5	Sommer	gesungen	X	sänge|singet|singt|sangen|sang|singen|singe|singst
156	Nacht	skaten	0			25	Nächten	geskatet	X	skate|skatest|skatet|skatete|skatetest|skateten
484	Feuer	speien	0			7	Feuern	gespien	X	speit|speie|spien|speien|spie
258	Computer	spielen	0			15	Computern	gespielt	X	spielte|spielen|spielten|spielt|spielst|spiele
261	Theater	spielen	0			14	Theatern	gespielt	X	spielte|spielen|spielten|spielt|spielst|spiele
372	Fußball	spielen	0			10	Fußbälle	gespielt	X	spielte|spielen|spielten|spielt|spielst|spiele
425	Klavier	spielen	0			8	Klavier	gespielt	X	spielte|spielen|spielten|spielt|spielst|spiele
649	Golf	spielen	0			5	golf	gespielt	X	spielte|spielen|spielten|spielt|spielst|spiele
22	Ski	springen	0			253	Ski	gesprungen	X	sprang|springst|springe|springt|sprangen|springen
25	Fallschirm	springen	0			237	Fallschirmen	gesprungen	X	sprang|springst|springe|springt|sprangen|springen
38	Seil	springen	0			138	Seile	gesprungen	X	sprang|springst|springe|springt|sprangen|springen
65	Trampolin	springen	0			75	Trampolinen	gesprungen	X	sprang|springst|springe|springt|sprangen|springen
76	Stil	springen	0			64	Stilen	gesprungen	X	sprang|springst|springe|springt|sprangen|springen
102	Wasser	springen	0			45	Wassern	gesprungen	X	sprang|springst|springe|springt|sprangen|springen
146	Zeit	springen	0			28	Zeiten	gesprungen	X	sprang|springst|springe|springt|sprangen|springen
176	Kunst	springen	0			22	Künste	gesprungen	X	sprang|springst|springe|springt|sprangen|springen
251	Seilchen	springen	0			15	Seilchen	gesprungen	X	sprang|springst|springe|springt|sprangen|springen
263	Tandem	springen	0			14	Tandems	gesprungen	X	sprang|springst|springe|springt|sprangen|springen
281	Weltcup	springen	0			13	Weltcups	gesprungen	X	sprang|springst|springe|springt|sprangen|springen
303	Ziel	springen	0			12	Ziele	gesprungen	X	sprang|springst|springe|springt|sprangen|springen
306	Team	springen	0			12	Teams	gesprungen	X	sprang|springst|springe|springt|sprangen|springen
315	Insel	springen	0			12	Inseln	gesprungen	X	sprang|springst|springe|springt|sprangen|springen
320	Bock	springen	0			12	Böcke	gesprungen	X	sprang|springst|springe|springt|sprangen|springen
415	Parcours	springen	0			8	Parcours	gesprungen	X	sprang|springst|springe|springt|sprangen|springen
536	Jagd	springen	0			6	Jagd	gesprungen	X	sprang|springst|springe|springt|sprangen|springen
570	Auftakt	springen	0			6	Auftakten	gesprungen	X	sprang|springst|springe|springt|sprangen|springen
643	Haupt	springen	0			5	Häupter	gesprungen	X	sprang|springst|springe|springt|sprangen|springen
672	Barriere	springen	0			5	Barrieren	gesprungen	X	sprang|springst|springe|springt|sprangen|springen
63	Schlange	stehen	0			79	Schlangen	gestanden	X	stehn|ständen|stehen|stehe|stehts|stünden|stand|standen|stünde|stehst|steht|stehet
422	Modell	stehen	0			8	Modellen	gestanden	X	stehn|ständen|stehen|stehe|stehts|stünden|stand|standen|stünde|stehst|steht|stehet
580	Wache	stehen	0			5	Wachen	gestanden	X	stehn|ständen|stehen|stehe|stehts|stünden|stand|standen|stünde|stehst|steht|stehet
120	Berg	steigen	0			36	Bergen	gestiegen	X	steigt|steige|stiegen|steigst|steigen|stieg|stiege
321	Bein	stellen	0			12	Beine	gestellt	X	stellte|stellten|stellen|stelle|stellt|stellst
189	Stein	stoßen	0			20	Steine	gestoßen	X	stoßen|stießen|stoße|stiess|stossen|stieß|stosse|stoßt|stosst|stößt|stiessen|stieße|stösst
624	Lid	straffen	0			5	Lider	gestrafft	X	straffte|straffe|strafft|strafften|straffen
10	Wind	surfen	0			477	Winde	gesurft	X	surf|surfte|surfe|surften|surfst|surfen|surft
55	Internet	surfen	0			91	Internets	gesurft	X	surf|surfte|surfe|surften|surfst|surfen|surft
186	Web	surfen	0			20	Web	gesurft	X	surf|surfte|surfe|surften|surfst|surfen|surft
548	Fluss	surfen	0			6	Flüsse	gesurft	X	surf|surfte|surfe|surften|surfst|surfen|surft
557	Couch	surfen	0			6	Couch	gesurft	X	surf|surfte|surfe|surften|surfst|surfen|surft
560	Body	surfen	0			6	Bodys	gesurft	X	surf|surfte|surfe|surften|surfst|surfen|surft
365	Kraft	tanken	0			10	Kräfte	getankt	X	tanke|tankt|tankten|tankte|tanken
549	Energie	tanken	0			6	Energien	getankt	X	tanke|tankt|tankten|tankte|tanken
588	Strom	tanken	0			5	Strömen	getankt	X	tanke|tankt|tankten|tankte|tanken
595	Sonne	tanken	0			5	Sonnen	getankt	X	tanke|tankt|tankten|tankte|tanken
190	Salsa	tanzen	0			20	Salsa	getanzt	X	tanzten|tanzt|tanze|tanzen|tanzte
242	Bauch	tanzen	0			16	Bäuche	getanzt	X	tanzten|tanzt|tanze|tanzen|tanzte
249	Tango	tanzen	0			15	Tangos	getanzt	X	tanzten|tanzt|tanze|tanzen|tanzte
260	Turnier	tanzen	0			14	Turniere	getanzt	X	tanzten|tanzt|tanze|tanzen|tanzte
356	Seil	tanzen	0			10	Seile	getanzt	X	tanzten|tanzt|tanze|tanzen|tanzte
386	Standard	tanzen	0			9	Standards	getanzt	X	tanzten|tanzt|tanze|tanzen|tanzte
407	Walzer	tanzen	0			8	Walzers	getanzt	X	tanzten|tanzt|tanze|tanzen|tanzte
546	Fuß	tapsen	0			6	Füsse	getapst	X	tapste|tapst|tapsten|tapsen
85	Sport	tauchen	0			55	Sports	getaucht	X	tauchst|tauchte|taucht|tauchten|tauche|tauchen
143	Wrack	tauchen	0			29	Wracks	getaucht	X	tauchst|tauchte|taucht|tauchten|tauche|tauchen
191	Nacht	tauchen	0			20	Nächten	getaucht	X	tauchst|tauchte|taucht|tauchten|tauche|tauchen
276	Eis	tauchen	0			14	Eis	getaucht	X	tauchst|tauchte|taucht|tauchten|tauche|tauchen
406	Zeit	tauchen	0			8	Zeiten	getaucht	X	tauchst|tauchte|taucht|tauchten|tauche|tauchen
494	Apfel	tauchen	0			7	Äpfel	getaucht	X	tauchst|tauchte|taucht|tauchten|tauche|tauchen
640	Hobby	tauchen	0			5	Hobbys	getaucht	X	tauchst|tauchte|taucht|tauchten|tauche|tauchen
401	Handy	telefonieren	0			9	Handys	telefoniert	X	telefonierte|telefonierten|telefoniert|telefonieren|telefoniere
444	Video	telefonieren	0			7	Videos	telefoniert	X	telefonierte|telefonierten|telefoniert|telefonieren|telefoniere
442	Wasser	testen	0			7	Wassern	getestet	X	testet|testen|teste|testeten|testete
375	Finger	tippen	0			10	Finger	getippt	X	tippte|tippten|tippt|tippen|tippe
376	Drachen	töten	0			10	Drachen	getötet	X	tötest|töten|töteten|tötete|tötet|töte
266	Müll	trennen	0			14	Müll	getrennt	X	trennst|trennte|trennt|trennten|trenne|trennen
57	Wasser	treten	0			86	Wassern	getreten	X	treten|tritt|traten|trete|trat|tretet|träten|träte|trittst
463	Milch	treten	0			7	Milch	getreten	X	treten|tritt|traten|trete|trat|tretet|träten|träte|trittst
503	Tau	treten	0			6	Tauen	getreten	X	treten|tritt|traten|trete|trat|tretet|träten|träte|trittst
616	Pflaster	treten	0			5	Pflaster	getreten	X	treten|tritt|traten|trete|trat|tretet|träten|träte|trittst
7	Kaffee	trinken	0			767	Kaffees	getrunken	X	tränke|trank|trinkt|tranken|trinket|trinkst|trinken|trinke|tränken
44	Tee	trinken	0			127	Tees	getrunken	X	tränke|trank|trinkt|tranken|trinket|trinkst|trinken|trinke|tränken
46	Bier	trinken	0			121	Biere	getrunken	X	tränke|trank|trinkt|tranken|trinket|trinkst|trinken|trinke|tränken
75	Wasser	trinken	0			64	Wassern	getrunken	X	tränke|trank|trinkt|tranken|trinket|trinkst|trinken|trinke|tränken
111	Rausch	trinken	0			40	Rausche	getrunken	X	tränke|trank|trinkt|tranken|trinket|trinkst|trinken|trinke|tränken
114	Wein	trinken	0			38	Weine	getrunken	X	tränke|trank|trinkt|tranken|trinket|trinkst|trinken|trinke|tränken
149	Kampf	trinken	0			28	Kämpfe	getrunken	X	tränke|trank|trinkt|tranken|trinket|trinkst|trinken|trinke|tränken
182	Koma	trinken	0			21	Komas	getrunken	X	tränke|trank|trinkt|tranken|trinket|trinkst|trinken|trinke|tränken
195	Glühwein	trinken	0			20	Glühweins	getrunken	X	tränke|trank|trinkt|tranken|trinket|trinkst|trinken|trinke|tränken
208	Alkohol	trinken	0			19	Alkohole	getrunken	X	tränke|trank|trinkt|tranken|trinket|trinkst|trinken|trinke|tränken
268	Milch	trinken	0			14	Milch	getrunken	X	tränke|trank|trinkt|tranken|trinket|trinkst|trinken|trinke|tränken
331	Schnaps	trinken	0			11	Schnäpsen	getrunken	X	tränke|trank|trinkt|tranken|trinket|trinkst|trinken|trinke|tränken
558	Cocktail	trinken	0			6	Cocktails	getrunken	X	tränke|trank|trinkt|tranken|trinket|trinkst|trinken|trinke|tränken
563	Blut	trinken	0			6	Blute	getrunken	X	tränke|trank|trinkt|tranken|trinket|trinkst|trinken|trinke|tränken
610	Punsch	trinken	0			5	Punschen	getrunken	X	tränke|trank|trinkt|tranken|trinket|trinkst|trinken|trinke|tränken
651	Genuss	trinken	0			5	Genüsse	getrunken	X	tränke|trank|trinkt|tranken|trinket|trinkst|trinken|trinke|tränken
219	Wäsche	trocknen	0			17	Wäschen	getrocknet	X	trocknet|trockneten|trocknen|trockne|trocknete
534	Klavier	üben	0			6	Klavier	geübt	X	übt|übte|übten|üben|übe|übst
224	Literatur	übersetzen	0			17	Literaturen	übersetzt	X	übersetzen|übersetzte|übersetzt|übersetze|übersetzten
318	Fach	übersetzen	0			12	Fächern	übersetzt	X	übersetzen|übersetzte|übersetzt|übersetze|übersetzten
544	Garten	umgraben	0		um	6	Garten	umgegraben	umzugraben	umgraben|umgräbt
504	Strom	verbrauchen	0	ver		6	Strömen	verbraucht	X	verbrauchten|verbrauchen|verbrauchte|verbraucht|verbrauche
370	Geld	verbrennen	0	ver		10	Gelder	verbrannt	X	verbrenne|verbrennt|verbrannte|verbrannten|verbrennen
238	Hochglanz	verdichten	0	ver		16	Hochglanz	verdichtet	X	verdichtet|verdichte|verdichtete|verdichten|verdichteten
11	Geld	verdienen	0	ver		459	Gelder	verdient	X	verdiene|verdienst|verdiente|verdienten|verdient|verdienen
13	Blut	vergießen	0	ver		435	Blute	vergossen	X	vergoß|vergiesst|vergießt|vergiesse|vergiessen|vergieße|vergießen|vergossen|vergoss
292	Kabel	verlegen	0	ver		13	Kabeln	verlegt	X	verlegen|verlegte|verlegten|verlegt|verlege
448	Teppich	verlegen	0	ver		7	Teppichen	verlegt	X	verlegen|verlegte|verlegten|verlegt|verlege
90	Text	verstehen	0	ver		50	Texte	verstanden	X	verstehen|verstünden|verstehst|verstünde|verstand|verstehe|verstanden|versteht
436	Bild	verstehen	0	ver		8	Bilder	verstanden	X	verstehen|verstünden|verstehst|verstünde|verstand|verstehe|verstanden|versteht
462	Musik	verstehen	0	ver		7	Musiken	verstanden	X	verstehen|verstünden|verstehst|verstünde|verstand|verstehe|verstanden|versteht
542	Geld	verteilen	0	ver		6	Gelder	verteilt	X	verteilten|verteilen|verteile|verteilt|verteilte
88	Feuer	verzinken	0	ver		52	Feuern	verzinkt	X	verzinkten|verzinkt|verzinkte
385	Stück	verzinken	0	ver		9	Stücke	verzinkt	X	verzinkten|verzinkt|verzinkte
108	Beschwerde	vorbringen	0		vor	42	Beschwerden	vorgebracht	vorzubringen	vorbrächten|vorbrachten|vorbringt|vorbrachte|vorbringen|vorbringe
416	Orgasmus	vortäuschen	0		vor	8	Orgasmen	vorgetäuscht	vorzutäuschen	vortäuschten|vortäuschen|vortäuschte|vortäuscht
30	Gold	waschen	0			180	Goldes	gewaschen	X	wascht|waschen|wusch|wasche|wüschen|wäscht|wuschen
48	Wäsche	waschen	0			114	Wäschen	gewaschen	X	wascht|waschen|wusch|wasche|wüschen|wäscht|wuschen
73	Auto	waschen	0			66	auto	gewaschen	X	wascht|waschen|wusch|wasche|wüschen|wäscht|wuschen
431	Haar	waschen	0			8	Haare	gewaschen	X	wascht|waschen|wusch|wasche|wüschen|wäscht|wuschen
579	Wagen	waschen	0			5	Wagen	gewaschen	X	wascht|waschen|wusch|wasche|wüschen|wäscht|wuschen
582	Trikot	waschen	0			5	Trikots	gewaschen	X	wascht|waschen|wusch|wasche|wüschen|wäscht|wuschen
101	Brettchen	weben	0			46	Brettchen	gewebt	X	weben|webt|webe|webten|webte|woben|wob
540	Hand	weben	0			6	Hände	gewebt	X	weben|webt|webe|webten|webte|woben|wob
72	Gas	wegnehmen	0		weg	66	Gase	weggenommen	wegzunehmen	wegnahm|wegnähmen|wegnehmen|wegnähme|wegnahmen|wegnimmt|wegnehme
142	Ball	wegschlagen	0		weg	30	Bällen	weggeschlagen	wegzuschlagen	wegschlagen
279	Burg	werben	0			14	Burgen	geworben	X	werben|warb|werbt|warben|wirbt|werbe
125	Ziel	werfen	0			34	Ziele	geworfen	X	werft|würfen|würfe|wirfst|werfe|werfen|warf|warfen|wirft
129	Ball	werfen	0			34	Bällen	geworfen	X	werft|würfen|würfe|wirfst|werfe|werfen|warf|warfen|wirft
130	Hufeisen	werfen	0			33	Hufeisen	geworfen	X	werft|würfen|würfe|wirfst|werfe|werfen|warf|warfen|wirft
243	Axt	werfen	0			16	Äxten	geworfen	X	werft|würfen|würfe|wirfst|werfe|werfen|warf|warfen|wirft
269	Messer	werfen	0			14	Messer	geworfen	X	werft|würfen|würfe|wirfst|werfe|werfen|warf|warfen|wirft
271	Lasso	werfen	0			14	Lassos	geworfen	X	werft|würfen|würfe|wirfst|werfe|werfen|warf|warfen|wirft
333	Schein	werfen	0			11	Scheine	geworfen	X	werft|würfen|würfe|wirfst|werfe|werfen|warf|warfen|wirft
390	Pfeil	werfen	0			9	Pfeilen	geworfen	X	werft|würfen|würfe|wirfst|werfe|werfen|warf|warfen|wirft
457	Reis	werfen	0			7	Reis	geworfen	X	werft|würfen|würfe|wirfst|werfe|werfen|warf|warfen|wirft
476	Gewicht	werfen	0			7	Gewichte	geworfen	X	werft|würfen|würfe|wirfst|werfe|werfen|warf|warfen|wirft
587	Stöckchen	werfen	0			5	Stöckchen	geworfen	X	werft|würfen|würfe|wirfst|werfe|werfen|warf|warfen|wirft
622	Los	werfen	0			5	Losen	geworfen	X	werft|würfen|würfe|wirfst|werfe|werfen|warf|warfen|wirft
664	Bällchen	werfen	0			5	Bällchen	geworfen	X	werft|würfen|würfe|wirfst|werfe|werfen|warf|warfen|wirft
674	Anker	werfen	0			5	Anker	geworfen	X	werft|würfen|würfe|wirfst|werfe|werfen|warf|warfen|wirft
280	Wunder	wirken	0			13	Wunder	gewirkt	X	wirket|wirkt|wirkte|wirkten|wirken|wirke|wirkst
98	Probe	wohnen	0			47	Proben	gewohnt	X	wohne|wohnen|wohnet|wohnte|wohnt|wohnten|wohnst
212	Service	wohnen	0			18	Services	gewohnt	X	wohne|wohnen|wohnet|wohnte|wohnt|wohnten|wohnst
464	Luxus	wohnen	0			7	Luxus	gewohnt	X	wohne|wohnen|wohnet|wohnte|wohnt|wohnten|wohnst
521	Paar	wohnen	0			6	Paare	gewohnt	X	wohne|wohnen|wohnet|wohnte|wohnt|wohnten|wohnst
615	Pflege	wohnen	0			5	Pflegen	gewohnt	X	wohne|wohnen|wohnet|wohnte|wohnt|wohnten|wohnst
341	Geld	zählen	0			11	Gelder	gezählt	X	zählst|zählten|zähle|zählen|zählte|zählt
412	Schäfchen	zählen	0			8	Schäfchen	gezählt	X	zählst|zählten|zähle|zählen|zählte|zählt
123	Drachen	zähmen	0			35	Drachen	gezähmt	X	zähmt|zähmte|zähmen
89	Akt	zeichnen	0			51	Akte	gezeichnet	X	zeichnen|zeichnet|zeichnete|zeichne|zeichneten
277	Comic	zeichnen	0			14	Comics	gezeichnet	X	zeichnen|zeichnet|zeichnete|zeichne|zeichneten
296	Fach	zeichnen	0			13	Fächern	gezeichnet	X	zeichnen|zeichnet|zeichnete|zeichne|zeichneten
359	Portrait	zeichnen	0			10	Portraits	gezeichnet	X	zeichnen|zeichnet|zeichnete|zeichne|zeichneten
392	Mode	zeichnen	0			9	Moden	gezeichnet	X	zeichnen|zeichnet|zeichnete|zeichne|zeichneten
492	Bau	zeichnen	0			7	Bauten	gezeichnet	X	zeichnen|zeichnet|zeichnete|zeichne|zeichneten
528	Manga	zeichnen	0			6	Mangas	gezeichnet	X	zeichnen|zeichnet|zeichnete|zeichne|zeichneten
645	Hand	zeichnen	0			5	Hände	gezeichnet	X	zeichnen|zeichnet|zeichnete|zeichne|zeichneten
581	Trikot	zerren	0			5	Trikots	gezerrt	X	zerrt|zerre|zerrten|zerrte|zerren
121	Seil	ziehen	0			35	Seile	gezogen	X	ziehst|zog|ziehe|ziehen|zogen|zögen|zieht|zöge
173	Trikot	ziehen	0			22	Trikots	gezogen	X	ziehst|zog|ziehe|ziehen|zogen|zögen|zieht|zöge
185	Zucker	ziehen	0			20	Zucker	gezogen	X	ziehst|zog|ziehe|ziehen|zogen|zögen|zieht|zöge
230	Öl	ziehen	0			16	Öl	gezogen	X	ziehst|zog|ziehe|ziehen|zogen|zögen|zieht|zöge
231	Zahn	ziehen	0			16	Zähne	gezogen	X	ziehst|zog|ziehe|ziehen|zogen|zögen|zieht|zöge
246	Wurzel	ziehen	0			15	Wurzeln	gezogen	X	ziehst|zog|ziehe|ziehen|zogen|zögen|zieht|zöge
250	Stecker	ziehen	0			15	Stecker	gezogen	X	ziehst|zog|ziehe|ziehen|zogen|zögen|zieht|zöge
428	Kabel	ziehen	0			8	Kabeln	gezogen	X	ziehst|zog|ziehe|ziehen|zogen|zögen|zieht|zöge
460	Nacken	ziehen	0			7	Nacken	gezogen	X	ziehst|zog|ziehe|ziehen|zogen|zögen|zieht|zöge
466	Leine	ziehen	0			7	Leinen	gezogen	X	ziehst|zog|ziehe|ziehen|zogen|zögen|zieht|zöge
510	Schwert	ziehen	0			6	Schwerter	gezogen	X	ziehst|zog|ziehe|ziehen|zogen|zögen|zieht|zöge
589	Streifen	ziehen	0			5	Streifen	gezogen	X	ziehst|zog|ziehe|ziehen|zogen|zögen|zieht|zöge
652	Geld	ziehen	0			5	Gelder	gezogen	X	ziehst|zog|ziehe|ziehen|zogen|zögen|zieht|zöge
668	Bilanz	ziehen	0			5	Bilanzen	gezogen	X	ziehst|zog|ziehe|ziehen|zogen|zögen|zieht|zöge
642	Helm	zieren	0			5	Helmen	geziert	X	zierten|zieren|zierte|ziere|ziert
99	Muskel	zucken	0			47	Muskel	gezuckt	X	zuckt|zuckte|zuckten|zucken|zucke
383	Unkraut	zupfen	0			9	Unkräuter	gezupft	X	zupfte|zupfen|zupft|zupften
384	Trikot	zupfen	0			9	Trikots	gezupft	X	zupfte|zupfen|zupft|zupften
