Index	Noun	Verb	Linking	Prefix	Particle	Freq	Nounpl	Verbpp	Verbzu	Verbfin	q_compound_joint_cap	q_compound_joint_nocap	q_np_det_joint_cap	q_np_det_joint_nocap	q_np_det_sep_cap	q_np_det_sep_nocap	q_np_det_sep_capcap	q_np_apprart_joint_cap	q_np_apprart_joint_nocap	q_np_apprart_sep_cap	q_np_apprart_sep_nocap	q_np_apprart_sep_capcap	q_np_nodet_joint_cap	q_np_nodet_joint_nocap	q_np_nodet_sep_cap	q_np_nodet_sep_nocap	q_np_nodet_sep_capcap	q_infzu_joint_cap	q_infzu_joint_nocap	q_infzu_sep_cap	q_infzu_sep_nocap	q_prog_joint_cap	q_prog_joint_nocap	q_prog_sep_cap	q_prog_sep_nocap	q_prog_sep_capcap	q_particip_joint_cap	q_particip_joint_nocap	q_particip_sep_cap	q_particip_sep_nocap	q_particip_sep_capcap	q_finite_joint_cap	q_finite_joint_nocap	q_finite_sep_cap	q_finite_sep_nocap
151	Lippe	ablesen	n		ab	6	Lippen	abgelesen	abzulesen	ablasen|ablas|abliest|ablese|ablesen	6	0	1	0	24	2	0	0	0	0	0	0	4	0	4	0	0	0	0	0	0	0	0	0	0	0	0	0	1	0	0	0	0	1	0
34	Ohr	anlegen	en		an	26	Ohren	angelegt	anzulegen	anlege|anlegst|anlegten|anlegt|anlegte|anlegen	23	0	8	0	16	1	1	6	0	1	0	0	6	0	19	3	1	0	0	0	0	0	0	0	0	0	0	0	3	1	0	0	0	4	0
205	Bild	anschauen	er		an	5	Bilder	angeschaut	anzuschauen	anschaue|anschaute|anschaust|anschauten|anschaut|anschauen	4	0	1	0	47	11	0	1	0	4	0	0	1	0	38	4	0	0	0	0	0	0	0	0	0	0	0	0	22	2	0	0	0	14	1
59	Hand	auflegen	~e		auf	16	Hände	aufgelegt	aufzulegen	auflegen|auflege|auflegt|auflegten|auflegte	13	0	6	0	20	0	0	1	0	0	0	0	4	0	4	0	0	0	0	0	0	0	0	0	0	0	0	0	2	0	0	0	0	1	0
95	Platte	auflegen	n		auf	9	Platten	aufgelegt	aufzulegen	auflegen|auflege|auflegt|auflegten|auflegte	7	0	1	0	3	0	0	2	0	0	0	0	3	0	6	0	0	0	0	0	0	0	0	0	0	0	0	0	8	0	0	0	0	8	1
168	Zahn	ausbeißen	~e		aus	5	Zähne	ausgebissen	auszubeißen	ausbiss|ausbeißen|ausbeisst|ausbeißt|ausbeissen|ausbissen	4	0	0	0	70	1	0	2	0	0	0	0	1	0	2	0	0	0	0	0	0	1	0	0	0	0	0	0	0	0	0	0	0	0	0
199	Haar	ausraufen	e		aus	5	Haare	ausgerauft	X	ausraufen	5	0	0	0	3	0	0	5	0	9	0	0	0	0	0	0	0	0	0	0	0	0	0	0	0	0	0	0	0	0	0	0	0	0	0
40	Zeitung	austragen	s		aus	22	Zeitungen	ausgetragen	auszutragen	austrug|austrägt|austragen|austrage|austrugen	19	1	2	0	0	0	0	6	0	0	0	0	11	1	0	0	0	0	0	0	0	0	0	0	0	0	0	0	0	0	0	0	0	0	0
3	Sonne	baden	n			319	Sonnen	gebadet	X	baden|bade|badet|badeten|badete	383	51	43	0	0	0	0	148	8	3	0	1	134	35	0	0	1	0	0	0	0	1	0	0	0	0	0	1	0	0	0	0	4	0	0
49	Brücke	bauen	n			19	Brücken	gebaut	X	baue|bauten|bauen|baust|baut|baute|bauet	14	0	3	0	10	0	0	5	0	2	0	0	3	0	123	1	2	0	0	71	0	0	0	0	0	0	0	0	30	0	0	36	0	9	0
81	Haus	bauen	~er			11	Häusern	gebaut	X	baue|bauten|bauen|baust|baut|baute|bauet	0	0	0	0	0	0	0	0	0	0	0	0	0	0	2	0	0	0	0	1	0	0	0	0	0	0	0	0	2	0	0	0	0	1	0
132	Bett	bauen	en			7	Betten	gebaut	X	baue|bauten|bauen|baust|baut|baute|bauet	7	0	2	0	1	0	0	1	0	0	0	0	3	0	2	0	0	0	0	0	0	0	0	0	0	0	0	0	3	0	0	0	0	0	0
153	Krippe	bauen	n			6	Krippen	gebaut	X	baue|bauten|bauen|baust|baut|baute|bauet	3	0	0	0	0	0	0	1	0	0	0	0	2	0	1	0	0	0	0	0	0	0	0	0	0	0	0	0	3	0	0	0	0	0	0
154	Kind	bekommen	er	be		6	Kinder	bekommen	X	bekäme|bekommst|bekamen|bekomme|bekommt|bekam|bekommen|bekämen	5	1	2	0	292	16	0	2	0	3	0	0	1	0	247	20	0	0	0	136	6	0	0	0	0	0	6	1	304	23	0	0	0	80	6
90	Bett	beziehen	en	be		10	Betten	bezogen	X	bezog|beziehen|beziehe|bezöge|bezögen|bezieht|bezogen|beziehst	9	0	2	0	3	0	0	3	0	2	0	0	2	0	6	0	0	0	0	0	0	0	0	0	0	0	0	0	9	0	0	0	0	9	0
109	Nase	bohren	n			8	Nasen	gebohrt	X	bohre|bohrst|bohrten|bohrt|bohren|bohrte	8	1	0	0	0	0	0	2	0	1	0	0	4	1	0	0	0	0	0	0	0	0	0	0	0	0	0	0	0	0	0	0	0	0	0
184	Loch	bohren	~er			5	Löcher	gebohrt	X	bohre|bohrst|bohrten|bohrt|bohren|bohrte	5	0	1	0	17	2	0	2	0	2	0	4	0	0	35	1	1	0	0	13	0	0	0	0	0	0	0	0	57	1	0	0	0	7	1
200	Gesicht	cremen	s			5	Gesichter	gecremet	X	creme|cremst|cremet|cremen|cremete|cremetest|cremte|cremetet|cremeten	4	0	3	0	0	0	0	0	0	0	0	0	0	0	0	0	0	0	0	0	0	0	0	0	0	0	0	0	0	0	0	145	4	0	0
20	Flasche	drehen	n			42	Flaschen	gedreht	X	drehte|drehten|drehen|dreht|drehst|drehe	38	6	6	0	0	0	0	5	1	0	0	0	21	5	2	0	0	0	0	1	0	0	0	0	0	0	0	0	0	0	0	0	0	0	0
130	Film	drehen	e			7	Filme	gedreht	X	drehte|drehten|drehen|dreht|drehst|drehe	6	0	1	0	11	0	0	4	0	1	0	0	0	0	38	4	2	0	0	33	0	0	0	0	0	0	0	0	65	1	0	0	0	34	0
147	Phrase	dreschen	n			6	Phrasen	gedroschen	X	droschen|dreschen|drosch|drischt	6	1	1	0	2	0	0	2	0	0	0	0	1	0	5	2	0	0	0	4	0	0	0	0	0	0	0	0	2	0	0	0	0	2	0
83	Bild	einstellen	er			11	Bilder	eingestellt	einzustellen	einstellten|einstellen|einstellte|einstelle|einstellt	9	0	4	0	63	7	0	4	0	7	0	0	0	0	103	5	1	0	0	0	0	0	0	0	0	0	0	0	37	3	1	0	0	6	1
173	Spiel	erfinden	e	er		5	Spiele	erfunden	X	erfindest|erfindet|erfand|erfinde|erfände|erfinden|erfänden|erfanden	4	0	1	0	1	0	0	1	0	0	0	0	2	0	2	0	0	0	0	0	0	0	0	0	0	0	0	0	1	0	0	0	0	1	0
115	Zwang	ernähren	s	er		7	Zwängen	ernährt	X	ernährten|ernähren|ernährte|ernährt|ernähre	6	15	2	0	0	0	0	2	0	0	0	0	1	12	0	0	0	0	0	0	0	0	0	0	0	0	0	39	0	0	0	1	41	0	0
5	Geschichte	erzählen	n	er		179	Geschichten	erzählt	X	erzählt|erzählten|erzählte|erzählst|erzählen|erzähle	119	0	28	0	110	1	0	26	0	7	0	0	28	0	240	10	1	0	0	157	1	4	0	2	0	0	0	0	132	5	0	0	0	159	5
186	Kind	erziehen	er	er		5	Kinder	erzogen	X	erzogen|erzögen|erziehe|erziehen|erzog|erzieht	2	0	1	0	27	1	1	1	0	0	0	0	0	0	60	1	0	0	0	46	2	0	0	0	0	0	0	0	21	0	0	0	0	53	0
10	Kurve	fahren	n			106	Kurven	gefahren	X	fuhr|fahre|fährt|fahrt|führe|fuhren|fährst|fahren|führen	95	2	21	1	18	0	0	27	0	7	1	0	27	0	29	3	0	0	0	1	0	1	0	0	0	0	0	0	6	1	0	125	1	7	2
25	Punkt	fahren	e			36	Punkte	gefahren	X	fuhr|fahre|fährt|fahrt|führe|fuhren|fährst|fahren|führen	34	0	1	0	3	0	0	21	0	0	0	0	9	0	2	0	0	0	0	1	0	0	0	0	0	0	0	0	0	2	0	0	0	6	0
47	Geschicklichkeit	fahren	s			19	Geschicklichkeiten	gefahren	X	fuhr|fahre|fährt|fahrt|führe|fuhren|fährst|fahren|führen	18	0	6	0	0	0	0	5	0	0	0	0	5	0	0	0	0	0	0	0	0	0	0	0	0	0	0	0	0	0	0	1	0	0	0
99	Gruppe	fahren	n			9	Gruppen	gefahren	X	fuhr|fahre|fährt|fahrt|führe|fuhren|fährst|fahren|führen	9	0	2	0	1	0	0	4	0	0	0	0	1	0	1	0	0	0	0	1	0	0	0	0	0	0	0	0	4	0	0	31	0	7	0
103	Ausscheidung	fahren	s			9	Ausscheidungen	gefahren	X	fuhr|fahre|fährt|fahrt|führe|fuhren|fährst|fahren|führen	9	0	5	0	0	0	0	1	0	0	0	0	1	0	0	0	0	0	0	0	0	0	0	0	0	0	0	0	0	0	0	0	0	0	0
140	Tour	fahren	en			6	touren	gefahren	X	fuhr|fahre|fährt|fahrt|führe|fuhren|fährst|fahren|führen	0	0	0	0	0	0	0	0	0	0	0	0	0	0	3	3	0	0	0	0	0	0	0	0	0	0	0	0	0	0	0	0	0	1	1
141	Straße	fahren	n			6	Straßen	gefahren	X	fuhr|fahre|fährt|fahrt|führe|fuhren|fährst|fahren|führen	4	0	0	0	22	0	0	3	0	0	0	0	1	0	13	0	0	0	0	1	1	0	0	0	0	0	0	0	1	0	0	16	0	10	0
149	Mannschaft	fahren	s			6	Mannschaften	gefahren	X	fuhr|fahre|fährt|fahrt|führe|fuhren|fährst|fahren|führen	6	0	0	0	0	0	0	2	0	0	0	0	3	0	0	0	0	0	0	0	0	0	0	0	0	0	0	0	0	0	0	31	1	0	0
164	Boot	fahren	s			6	Booten	gefahren	X	fuhr|fahre|fährt|fahrt|führe|fuhren|fährst|fahren|führen	6	1	0	0	0	0	0	1	0	0	0	0	4	1	0	0	0	0	0	0	0	0	0	0	0	0	0	0	0	0	0	799	6	0	0
79	Maus	fangen	~e			11	mäuse	gefangen	X	fängt|fangen|fange|fingen|finge|fängst|fangt|fing	1	1	0	0	0	0	0	1	1	0	0	0	0	0	2	2	0	0	0	0	0	0	0	0	0	0	0	0	0	0	0	0	0	0	0
187	Kette	fangen	n			5	Ketten	gefangen	X	fängt|fangen|fange|fingen|finge|fängst|fangt|fing	5	0	0	0	0	0	0	1	0	0	0	0	4	0	0	0	0	0	0	0	0	0	0	0	0	0	0	0	1	0	0	0	0	0	0
23	Haar	färben	e			37	Haare	gefärbt	X	färben|färbte|färbten|färbe|färbt	28	3	7	0	43	0	1	12	1	8	1	1	4	2	40	9	3	0	0	3	1	0	0	0	0	0	0	0	8	8	0	0	0	5	2
57	Ei	färben	er			17	Eier	gefärbt	X	färben|färbte|färbten|färbe|färbt	16	0	3	0	0	0	0	7	0	0	0	0	3	0	3	0	0	0	0	2	0	2	0	0	0	0	0	0	4	1	0	0	0	0	0
52	Fliege	fischen	n			18	Fliegen	gefischt	X	fischen|fischt|fischten|fische|fischte	231	20	50	5	0	0	0	66	5	0	0	0	93	8	0	0	0	0	0	0	0	0	1	0	0	0	0	0	0	0	0	2	0	0	0
160	Ei	fressen	er			6	Eier	gefressen	X	fraßen|frass|fresst|fräßen|frisst|fresse|frißt|fressen|fraß	4	2	1	1	2	0	0	2	0	0	0	0	0	1	1	1	0	0	0	0	0	0	0	0	0	0	0	0	0	0	0	0	0	1	0
181	Meile	fressen	n			5	Meilen	gefressen	X	fraßen|frass|fresst|fräßen|frisst|fresse|frißt|fressen|fraß	4	0	0	0	0	0	0	0	0	0	0	0	2	0	0	0	0	0	0	0	0	0	0	0	0	0	0	0	0	0	0	0	0	0	0
21	Rute	gehen	n			41	Ruten	gegangen	X	gehst|gehts|gehe|gehen|gehn|ging|gingen|gehet|gings|geht|ginge	26	0	11	0	0	0	0	4	0	0	0	0	7	0	1	0	0	0	0	0	0	0	0	0	0	0	0	0	0	0	0	0	0	0	0
169	Wünschelrute	gehen	n			5	Wünschelruten	gegangen	X	gehst|gehts|gehe|gehen|gehn|ging|gingen|gehet|gings|geht|ginge	5	0	1	0	0	0	0	1	0	0	0	0	2	0	1	0	0	0	0	0	0	0	0	0	0	0	0	0	0	0	0	0	0	0	0
100	Glocke	gießen	n			9	Glocken	gegossen	X	goss|giesst|gieße|gießen|gossen|gössen|giesse|goß|giessen|gießt	2	0	2	0	0	0	0	0	0	0	0	0	0	0	1	0	0	0	0	3	0	0	0	0	0	0	0	0	5	0	0	0	0	1	0
188	Kerze	gießen	n			5	Kerzen	gegossen	X	goss|giesst|gieße|gießen|gossen|gössen|giesse|goß|giessen|gießt	5	0	1	0	0	0	0	0	0	0	0	0	4	0	2	0	0	0	0	0	0	0	0	0	0	0	0	0	3	0	0	0	0	0	0
192	Höhle	grölen	n			5	Höhlen	gegrölt	X	grölte|grölt|grölten|grölen	2	0	0	0	0	0	0	0	0	0	0	0	1	0	0	0	0	0	0	0	0	0	0	0	0	0	0	0	0	0	0	0	0	0	0
73	Film	gucken	e			13	Filme	geguckt	X	gucken|gucke|guckst|guckten|guckte|guckt	10	2	1	0	8	0	0	5	0	13	0	0	3	1	55	13	1	0	0	13	2	0	1	0	0	0	0	0	9	3	0	0	0	11	1
106	Stern	gucken	e			8	Sterne	geguckt	X	gucken|gucke|guckst|guckten|guckte|guckt	8	0	0	0	4	0	0	3	0	0	0	0	4	0	1	0	0	0	0	1	0	0	0	0	0	0	0	0	0	0	0	0	0	0	0
72	Kind	haben	er			13	Kinder	gehabt	X	ham|haette|hab|habs|hatt|hät|hätt|hats	11	0	7	0	1208	20	0	0	0	0	0	0	3	0	902	46	1	0	0	84	4	0	0	0	0	0	0	0	15	1	0	0	0	9	5
15	Wade	heben	n			58	Waden	gehoben	X	hob|heben|hub|hebt|hebst|hoben|hebe|huben	48	6	0	0	0	0	0	3	0	0	0	0	32	5	0	0	0	0	0	0	0	0	0	0	0	0	0	0	0	0	0	0	0	0	0
93	Zigarette	holen	n			9	Zigaretten	geholt	X	holst|holt|holte|holten|holen|hole	8	0	1	0	1	0	0	6	0	3	0	0	0	0	31	2	0	0	0	6	0	0	0	0	0	0	0	0	2	0	0	0	0	1	0
30	Stimme	hören	n			29	Stimmen	gehört	X	hörst|hörte|höret|hört|höre|hören|hörten|hörtest	28	0	14	0	18	0	0	1	0	0	0	0	8	0	20	1	0	0	0	46	1	0	0	0	0	0	0	0	30	3	1	0	0	45	2
178	Platte	hören	n			5	Platten	gehört	X	hörst|hörte|höret|hört|höre|hören|hörten|hörtest	4	0	2	0	1	1	0	0	0	4	0	0	2	0	4	0	0	0	0	1	0	0	0	0	0	0	0	0	2	0	0	0	0	5	0
75	Platte	kalken	n			12	Platten	gekalkt	X	kalken	12	0	3	0	0	0	0	0	0	0	0	0	2	0	0	0	0	0	0	0	0	0	0	0	0	0	0	0	0	0	0	0	0	0	0
78	Schuh	kaufen	e			11	Schuhe	gekauft	X	kauften|kaufen|kaufe|kaufet|kauft|kaufst|kaufte	11	0	3	0	19	1	0	4	0	10	1	0	4	0	67	9	0	0	0	11	0	0	0	0	0	0	0	0	18	1	0	0	0	5	1
116	Zicke	kicken	n			7	Zicken	gekickt	X	kickten|kicken|kickte|kicke|kickt	5	0	0	0	0	0	0	2	0	0	0	0	1	0	0	0	0	0	0	0	0	0	0	0	0	0	0	0	0	0	0	0	0	0	0
179	Plakat	kleben	e			5	Plakate	geklebt	X	klebte|klebe|klebten|klebst|kleben|klebt	5	0	0	0	4	0	0	3	0	2	0	0	2	0	8	0	0	0	0	5	0	0	0	0	0	0	0	0	16	0	0	0	0	2	0
94	Spruch	klopfen	~e			9	Sprüche	geklopft	X	klopft|klopfte|klopften|klopfen|klopfe	8	0	2	0	5	1	0	3	0	3	0	0	3	0	22	2	2	0	0	2	0	0	0	0	0	0	0	0	7	0	0	0	0	4	0
119	Stein	klopfen	e			7	Steine	geklopft	X	klopft|klopfte|klopften|klopfen|klopfe	6	0	0	0	1	0	0	3	0	0	0	0	2	0	7	0	0	0	0	0	0	0	0	0	0	0	0	0	1	0	0	0	0	1	0
6	Zahn	knirschen	~e			176	Zähne	geknirscht	X	knirschte|knirschen|knirscht|knirschten	158	3	25	0	1	0	1	9	0	0	0	0	90	3	5	1	0	0	0	0	0	1	0	0	0	0	0	0	0	0	0	0	1	3	0
71	Kontakt	knüpfen	e			13	kontakte	geknüpft	X	knüpfen|knüpfe|knüpft|knüpften|knüpfte	0	0	0	0	1	1	0	0	0	0	0	0	0	0	5	5	0	0	0	6	6	0	0	0	0	0	0	0	4	4	0	0	0	0	0
145	Reihe	knutschen	n			6	Reihen	geknutscht	X	knutsche|knutschst|knutscht|knutschen|knutschte|knutschtest|knutschten	2	0	0	0	0	0	0	0	0	0	0	0	1	0	0	0	0	0	0	0	0	0	0	0	0	0	0	0	0	0	0	0	0	0	0
66	Ei	kochen	er			14	Eier	gekocht	X	kocht|kochte|kochten|kochen|koche	12	2	2	0	4	2	0	9	0	1	0	0	0	2	6	0	0	0	0	0	0	0	0	0	0	0	0	0	7	0	0	0	0	2	0
65	Kind	kriegen	er			14	Kinder	gekriegt	X	kriegst|kriege|kriegen|kriegten|kriegte|kriegt	227	14	76	3	45	5	0	91	6	13	0	0	50	2	151	14	0	0	0	23	2	0	1	1	1	0	0	0	8	0	0	0	0	10	0
32	Treppe	laufen	n			27	Treppen	gelaufen	X	liefe|lief|liefen|lauft|läufts|läuft|laufe|läufst|laufen	23	4	3	0	13	2	0	8	2	4	0	0	10	2	10	2	0	0	0	3	0	1	0	0	0	0	0	0	3	1	0	0	0	1	0
68	Stelze	laufen	n			13	Stelzen	gelaufen	X	liefe|lief|liefen|lauft|läufts|läuft|laufe|läufst|laufen	12	0	2	0	0	0	0	2	0	0	0	0	6	0	4	0	0	0	0	0	0	1	0	0	0	0	0	0	1	0	0	0	0	1	0
158	Form	laufen	en			6	Formen	gelaufen	X	liefe|lief|liefen|lauft|läufts|läuft|laufe|läufst|laufen	6	0	0	0	0	0	0	3	0	0	0	0	1	0	0	0	0	0	0	0	0	0	0	0	0	0	0	0	0	0	0	0	0	0	0
191	Hürde	laufen	n			5	Hürden	gelaufen	X	liefe|lief|liefen|lauft|läufts|läuft|laufe|läufst|laufen	5	0	1	0	1	0	0	2	0	0	0	0	2	0	2	0	0	0	0	0	0	0	0	0	0	0	0	0	1	0	0	0	0	8	0
12	Glocke	läuten	n			75	Glocken	geläutet	X	läute|läutet|läuten|läuteten|läutete	66	0	23	0	50	2	0	4	0	0	0	0	22	0	10	0	0	0	0	0	0	0	0	0	0	0	0	0	0	0	0	0	0	3	0
84	Wunde	lecken	n			10	Wunden	geleckt	X	leckt|leckte|lecken|lecke|leckten	9	1	0	0	6	0	0	3	0	1	0	0	1	1	36	3	0	0	0	15	0	0	0	0	0	0	0	0	8	0	0	0	0	6	0
1	Karte	legen	n			595	Karten	gelegt	X	legte|legst|lege|legten|legen|legt	340	11	104	0	40	1	0	57	2	2	0	0	140	7	19	1	0	0	0	3	0	2	0	0	0	0	0	0	8	0	0	0	0	10	0
26	Fliese	legen	n			34	Fliesen	gelegt	X	legte|legst|lege|legten|legen|legt	30	1	5	0	1	0	0	9	0	5	0	0	13	0	14	0	0	0	0	2	0	1	0	1	0	0	0	0	6	0	0	1	0	2	0
102	Bombe	legen	n			9	Bomben	gelegt	X	legte|legst|lege|legten|legen|legt	8	0	0	0	5	0	0	5	0	1	0	0	1	0	8	0	0	0	0	5	0	0	0	0	0	0	0	0	1	0	0	0	0	4	0
146	Platte	legen	n			6	Platten	gelegt	X	legte|legst|lege|legten|legen|legt	5	0	2	0	1	0	0	0	0	0	0	0	2	0	0	0	0	0	0	1	0	0	0	0	0	0	0	0	1	0	0	0	0	0	0
148	Mine	legen	n			6	Minen	gelegt	X	legte|legst|lege|legten|legen|legt	6	1	2	0	0	0	0	3	0	2	0	0	1	1	7	2	0	0	0	3	0	0	0	0	0	0	0	0	0	0	0	0	0	2	0
172	Spur	legen	en			5	Spuren	gelegt	X	legte|legst|lege|legten|legen|legt	3	0	0	0	1	0	0	0	0	1	0	0	3	0	7	0	0	0	0	1	0	0	0	0	0	0	0	0	7	0	0	0	0	0	0
113	Gedanke	lesen	n			8	Gedanken	gelesen	X	lest|läse|last|läsen|liest|lese|lesen|leset|lasen|las	75	1	15	0	43	3	0	9	1	0	0	0	40	0	223	15	0	0	0	37	0	0	0	0	0	0	1	0	41	1	0	1	0	13	1
135	Zeitung	lesen	s			6	Zeitungen	gelesen	X	lest|läse|last|läsen|liest|lese|lesen|leset|lasen|las	55	1	9	0	0	0	0	16	1	0	0	0	13	0	0	0	0	0	0	0	0	2	0	0	0	0	0	0	0	0	0	1	0	0	0
143	Spur	lesen	en			6	Spuren	gelesen	X	lest|läse|last|läsen|liest|lese|lesen|leset|lasen|las	28	0	2	0	3	0	1	6	0	1	0	0	18	0	15	0	2	0	0	3	0	0	0	0	0	0	0	0	1	0	0	7	0	0	0
180	Note	lesen	n			5	Noten	gelesen	X	lest|läse|last|läsen|liest|lese|lesen|leset|lasen|las	63	7	19	4	35	2	0	12	0	0	0	0	28	3	42	4	0	0	0	5	0	0	0	0	0	0	0	0	0	0	0	1	0	1	0
207	Aufgabe	lösen	n			5	Aufgaben	gelöst	X	lösten|lösen|löste|löse|löst	5	0	1	0	33	0	1	0	0	0	0	0	0	0	59	2	0	0	0	52	1	0	0	0	0	0	0	0	23	0	0	0	0	4	1
4	Film	machen	e			220	Filme	gemacht	X	macht|machte|machet|mache|machst|machten|machen|machts	144	2	54	1	19	4	0	46	0	3	0	0	29	1	61	3	0	0	0	50	1	3	0	0	0	0	0	0	45	3	0	1	0	31	2
11	Schuld	machen	en			99	Schulden	gemacht	X	macht|machte|machet|mache|machst|machten|machen|machts	86	0	35	0	40	0	0	16	0	2	1	0	18	0	66	3	0	0	0	42	4	1	0	0	0	0	0	0	51	1	0	0	0	27	1
24	Bild	machen	er			37	Bilder	gemacht	X	macht|machte|machet|mache|machst|machten|machen|machts	31	2	11	0	186	16	0	11	2	17	3	0	6	0	245	34	0	0	0	127	11	0	0	2	0	0	0	0	290	33	0	1	0	61	5
31	Bett	machen	en			29	Betten	gemacht	X	macht|machte|machet|mache|machst|machten|machen|machts	28	1	6	0	3	0	0	10	0	1	1	0	10	1	20	0	0	0	0	1	0	0	0	0	0	0	0	0	4	0	0	0	0	1	0
35	Geschäft	machen	e			26	Geschäfts	gemacht	X	macht|machte|machet|mache|machst|machten|machen|machts	1	0	0	0	1	0	0	0	0	0	0	0	0	0	0	0	0	0	0	0	0	0	0	0	0	0	0	0	1	0	0	0	0	1	0
61	Buch	machen	~er			16	Büchern	gemacht	X	macht|machte|machet|mache|machst|machten|machen|machts	0	0	0	0	1	0	0	0	0	0	0	0	0	0	5	0	0	0	0	0	0	0	0	0	0	0	0	0	8	0	0	0	0	3	0
88	Kind	machen	er			10	Kinder	gemacht	X	macht|machte|machet|mache|machst|machten|machen|machts	9	3	2	0	102	0	0	4	1	1	0	0	3	2	86	5	0	0	0	18	0	0	0	0	0	0	0	0	47	2	0	0	0	44	2
97	Lied	machen	er			9	Lieder	gemacht	X	macht|machte|machet|mache|machst|machten|machen|machts	7	0	1	0	4	0	0	1	0	0	0	0	2	0	4	0	0	0	0	1	0	0	0	0	0	0	0	0	4	0	0	0	0	2	0
138	Uhr	machen	en			6	Uhren	gemacht	X	macht|machte|machet|mache|machst|machten|machen|machts	6	0	5	0	2	0	0	1	0	0	0	0	0	0	2	0	0	0	0	0	0	0	0	0	0	0	0	0	1	0	0	0	0	1	0
194	Hausaufgabe	machen	n			5	Hausaufgaben	gemacht	X	macht|machte|machet|mache|machst|machten|machen|machts	5	0	1	0	41	0	0	2	0	11	1	0	1	0	217	8	0	0	0	62	3	0	0	2	0	0	0	0	235	11	0	0	0	36	2
202	Gedanke	machen	n			5	Gedanken	gemacht	X	macht|machte|machet|mache|machst|machten|machen|machts	5	1	1	0	958	89	0	1	0	2	1	0	3	1	1747	233	0	0	0	784	56	0	0	2	0	0	0	0	1329	171	0	5	0	555	64
33	Maus	melken	~e			27	mäuse	gemolken	X	molk|melkt|melken	3	3	0	0	0	0	0	3	3	6	6	0	0	0	0	0	0	0	0	0	0	0	0	0	0	0	0	0	0	0	0	0	0	0	0
204	Farbe	mischen	n			5	Farben	gemischt	X	mischt|mischte|mische|mischen|mischst|mischten	3	0	0	0	9	1	0	3	0	3	0	0	0	0	9	0	0	0	0	6	0	0	0	0	0	0	0	0	6	0	0	0	0	3	0
170	Volk	morden	~er			5	Völker	gemordet	X	mordeten|morden|mordet|mordete|morde	41	1	11	0	0	0	0	0	1	0	0	0	17	0	0	0	0	0	0	0	0	0	0	0	0	0	0	0	0	0	0	70	2	0	0
91	Auge	öffnen	n			10	Augen	geöffnet	X	öffneten|öffnest|öffne|öffnete|öffnet|öffnen	10	0	3	0	241	13	2	0	0	2	1	0	4	0	42	0	0	0	0	43	0	0	0	0	0	0	1	0	25	1	0	0	0	76	2
131	Dose	öffnen	n			7	Dosen	geöffnet	X	öffneten|öffnest|öffne|öffnete|öffnet|öffnen	5	0	0	0	2	0	0	4	0	2	0	0	0	0	2	0	0	0	0	0	0	0	0	0	0	0	0	0	0	0	0	0	0	1	0
45	Blume	pflücken	n			21	Blume	gepflückt	X	pflückte|pflückten|pflücken|pflücke|pflückt	0	0	0	0	1	0	1	0	0	0	0	0	0	0	1	0	0	0	0	0	0	0	0	0	0	0	0	0	0	0	0	0	0	0	0
98	Kirsche	pflücken	n			9	Kirschen	gepflückt	X	pflückte|pflückten|pflücken|pflücke|pflückt	9	0	0	0	2	0	0	7	0	2	0	0	1	0	2	0	0	0	0	0	0	0	0	0	0	0	0	0	1	0	0	0	0	0	0
133	Beere	pflücken	n			7	Beeren	gepflückt	X	pflückte|pflückten|pflücken|pflücke|pflückt	7	0	0	0	0	0	0	5	0	2	0	0	1	0	3	0	0	0	0	3	0	0	0	0	0	0	0	0	0	0	0	0	0	1	0
42	Rosine	picken	n			22	Rosinen	gepickt	X	pickte|picket|pickt|pickten|picke|picken	15	0	1	0	0	0	0	1	0	0	0	0	8	0	4	0	0	0	0	1	0	0	0	0	0	0	0	0	0	0	0	0	0	0	0
114	Ei	picken	er			8	Eier	gepickt	X	pickte|picket|pickt|pickten|picke|picken	6	0	2	0	0	0	0	1	0	0	0	0	1	0	1	0	0	0	0	0	0	0	0	0	0	0	0	0	0	0	0	0	0	0	0
87	Krabbe	pulen	n			10	Krabben	gepult	X	pule|pulst|pult|pulen|pulte|pultest|pulte|pulten|pultet	8	0	0	0	0	0	0	1	0	0	0	0	5	0	0	0	0	0	0	0	0	0	0	0	0	0	0	0	0	0	0	0	0	0	0
54	Zahn	putzen	~e			17	Zähne	geputzt	X	putzt|putze|putzte|putzen|putzten	680	29	153	3	127	8	1	198	12	16	1	0	208	9	119	10	2	0	0	12	1	1	0	0	0	0	2	0	23	5	0	0	0	22	1
17	Zigarette	rauchen	n			56	Zigaretten	geraucht	X	raucht|rauchen|rauche|rauchst|rauchten|rauchte	45	1	15	1	8	0	0	9	0	1	0	0	18	0	16	1	0	0	0	9	0	0	0	0	0	0	0	0	35	0	1	0	0	19	0
55	Kette	rauchen	n			17	Ketten	geraucht	X	raucht|rauchen|rauche|rauchst|rauchten|rauchte	14	1	5	1	0	0	0	3	0	0	0	0	3	0	0	0	0	0	0	0	0	0	0	0	0	0	0	0	0	0	0	0	0	0	0
92	Zigarre	rauchen	n			9	Zigarren	geraucht	X	raucht|rauchen|rauche|rauchst|rauchten|rauchte	8	0	4	0	5	0	0	2	0	0	0	0	1	0	3	0	0	0	0	2	0	0	0	0	0	0	0	0	4	0	0	0	0	7	0
19	Haar	raufen	e			46	Haare	gerauft	X	raufte|rauft|rauften|raufen	44	8	4	1	62	0	0	33	6	55	9	0	7	1	8	1	0	0	0	3	0	0	0	0	0	0	0	0	1	1	0	0	0	0	1
123	Mine	räumen	n			7	Minen	geräumt	X	räume|räumt|räumen|räumten|räumte	27	1	5	0	0	0	0	8	1	0	0	0	4	0	4	0	0	0	0	0	0	0	0	0	0	0	0	0	4	0	0	0	0	0	0
134	Zunge	reden	n			6	Zungen	geredet	X	redeten|redete|redet|redest|rede|reden	42	1	11	1	1	0	0	4	0	0	0	0	15	0	9	0	0	0	0	5	0	0	0	0	0	0	0	0	1	0	0	53	1	6	0
85	Waffe	reinigen	n			10	Waffen	gereinigt	X	reinige|reinigt|reinigten|reinigen|reinigte	10	1	2	0	1	0	0	2	0	0	0	0	4	1	2	0	0	0	0	0	0	0	0	0	0	0	0	0	2	0	0	0	0	0	0
120	Scheibe	reinigen	n			7	Scheiben	gereinigt	X	reinige|reinigt|reinigten|reinigen|reinigte	5	0	1	0	1	0	0	2	0	3	0	0	1	0	4	0	0	0	0	1	0	1	0	0	0	0	0	0	1	0	0	0	0	1	0
46	Elefant	reiten	en			20	Elefanten	geritten	X	ritt|reitet|reitest|reite|ritten|reiten	19	1	3	0	7	0	0	1	0	0	0	0	12	1	5	0	1	0	0	1	0	0	0	0	0	0	0	0	1	0	0	24	0	3	0
48	Bulle	reiten	n			19	Bullen	geritten	X	ritt|reitet|reitest|reite|ritten|reiten	19	0	2	0	2	0	0	3	0	0	0	0	13	0	1	0	0	0	0	0	0	0	0	0	0	0	0	0	0	0	0	0	1	0	0
70	Pferd	reiten	e			13	Pferde	geritten	X	ritt|reitet|reitest|reite|ritten|reiten	12	0	2	0	1	1	7	1	0	0	0	0	8	0	8	1	0	1	0	5	0	0	0	0	0	0	1	0	2	0	0	2	0	4	0
101	Gans	reiten	~e			9	Gänse	geritten	X	ritt|reitet|reitest|reite|ritten|reiten	8	0	2	0	0	0	0	3	0	0	0	0	1	0	0	0	0	0	0	0	0	0	0	0	0	0	0	0	0	0	0	0	0	0	0
152	Lanze	reiten	n			6	Lanzen	geritten	X	ritt|reitet|reitest|reite|ritten|reiten	5	0	3	0	0	0	0	1	0	0	0	0	1	0	0	0	0	0	0	0	0	0	0	0	0	0	0	0	0	0	0	1	0	0	0
206	Aufgabe	reiten	n			5	Aufgaben	geritten	X	ritt|reitet|reitest|reite|ritten|reiten	3	0	0	0	0	0	0	0	0	0	0	0	3	0	0	0	0	0	0	0	0	0	0	0	0	0	0	0	0	0	0	0	0	0	0
183	Lunge	röntgen	n			5	Lungen	geröntgt	X	röntgt|röntgen	5	0	1	0	0	0	0	1	0	0	0	0	3	0	0	0	0	0	0	0	0	0	0	0	0	0	0	0	0	0	0	0	0	0	0
189	Kartoffel	schälen	n			5	Kartoffeln	geschält	X	schält|schäle|schälen|schälte|schälten	3	0	1	0	86	0	0	1	0	0	1	0	1	0	66	1	1	0	0	6	0	0	0	2	0	0	0	0	17	0	0	0	0	9	0
53	Ähre	schieben	n			17	Ähren	geschoben	X	schöben|schoben|schiebt|schiebst|schob|schiebe|schieben	10	0	2	0	1	0	0	1	0	0	0	0	5	0	0	0	0	0	0	0	0	0	0	0	0	0	0	0	0	0	0	0	0	0	0
7	Tor	schießen	e			140	Tore	geschossen	X	schoß|schiesst|schieße|schießen|schössen|schossen|schiesse|schoss|schießt|schiessen	132	0	73	0	101	6	1	40	0	21	0	0	4	0	129	5	1	0	0	56	2	5	0	6	0	0	0	0	155	10	0	0	0	117	5
8	Pistole	schießen	n			134	Pistolen	geschossen	X	schoß|schiesst|schieße|schießen|schössen|schossen|schiesse|schoss|schießt|schiessen	15	0	3	0	0	0	0	6	0	0	0	0	3	0	0	0	0	0	0	0	0	0	0	0	0	0	0	0	0	0	0	0	0	1	0
16	Scheibe	schießen	n			57	Scheiben	geschossen	X	schoß|schiesst|schieße|schießen|schössen|schossen|schiesse|schoss|schießt|schiessen	54	0	11	0	1	0	0	8	0	0	0	0	13	0	5	0	0	0	0	1	0	1	0	0	0	0	0	0	2	0	0	0	0	2	0
36	Vergleich	schießen	s			24	Vergleiche	geschossen	X	schoß|schiesst|schieße|schießen|schössen|schossen|schiesse|schoss|schießt|schiessen	24	0	12	0	0	0	0	1	0	0	0	0	5	0	0	0	0	0	0	0	0	0	0	0	0	0	0	0	0	0	0	0	0	0	0
51	Freundschaft	schießen	s			18	freundschaften	geschossen	X	schoß|schiesst|schieße|schießen|schössen|schossen|schiesse|schoss|schießt|schiessen	17	0	11	0	0	0	0	0	0	0	0	0	0	0	0	0	0	0	0	0	0	0	0	0	0	0	0	0	0	0	0	0	0	0	0
67	Bezirk	schießen	s			14	Bezirke	geschossen	X	schoß|schiesst|schieße|schießen|schössen|schossen|schiesse|schoss|schießt|schiessen	14	0	5	0	0	0	0	2	0	0	0	0	0	0	0	0	0	0	0	0	0	1	0	0	0	0	0	0	0	0	0	0	0	0	0
69	Präzision	schießen	s			13	Präzision	geschossen	X	schoß|schiesst|schieße|schießen|schössen|schossen|schiesse|schoss|schießt|schiessen	11	0	2	0	0	0	0	6	0	0	0	0	2	0	0	0	0	0	0	0	0	0	0	0	0	0	0	0	0	0	0	0	0	0	0
74	Entscheidung	schießen	s			13	Entscheidungen	geschossen	X	schoß|schiesst|schieße|schießen|schössen|schossen|schiesse|schoss|schießt|schiessen	13	0	6	0	0	0	0	4	0	0	0	0	2	0	0	0	0	0	0	0	0	0	0	0	0	0	0	0	0	0	0	0	0	0	0
76	Gast	schießen	~e			12	Gästen	geschossen	X	schoß|schiesst|schieße|schießen|schössen|schossen|schiesse|schoss|schießt|schiessen	0	0	0	0	0	0	0	0	0	0	0	0	0	0	0	0	0	0	0	0	0	0	0	0	0	0	0	0	0	0	0	0	0	0	0
77	Flinte	schießen	n			12	Flinte	geschossen	X	schoß|schiesst|schieße|schießen|schössen|schossen|schiesse|schoss|schießt|schiessen	0	0	0	0	1	0	0	0	0	0	0	0	0	0	0	0	0	0	0	0	0	0	0	0	0	0	0	0	0	0	0	0	0	0	0
89	Jubiläum	schießen	s			10	Jubiläen	geschossen	X	schoß|schiesst|schieße|schießen|schössen|schossen|schiesse|schoss|schießt|schiessen	7	0	3	0	0	0	0	2	0	0	0	0	0	0	0	0	0	0	0	0	0	1	0	0	0	0	0	0	0	0	0	0	0	0	0
105	Verteidigung	schießen	s			8	Verteidigungen	geschossen	X	schoß|schiesst|schieße|schießen|schössen|schossen|schiesse|schoss|schießt|schiessen	5	0	0	0	0	0	0	0	0	0	0	0	4	0	0	0	0	0	0	0	0	0	0	0	0	0	0	0	0	0	0	0	0	0	0
118	Training	schießen	s			7	Trainings	geschossen	X	schoß|schiesst|schieße|schießen|schössen|schossen|schiesse|schoss|schießt|schiessen	6	0	3	0	0	0	0	0	0	0	0	0	1	0	0	0	0	0	0	0	0	0	0	0	0	0	0	0	0	0	0	0	0	0	0
125	Mannschaft	schießen	s			7	Mannschaften	geschossen	X	schoß|schiesst|schieße|schießen|schössen|schossen|schiesse|schoss|schießt|schiessen	6	0	1	0	0	0	0	5	0	0	0	0	0	0	0	0	0	0	0	0	0	0	0	0	0	0	0	0	0	0	0	0	0	0	0
128	Gans	schießen	~e			7	Gänse	geschossen	X	schoß|schiesst|schieße|schießen|schössen|schossen|schiesse|schoss|schießt|schiessen	1	0	0	0	0	0	0	0	0	0	0	0	0	0	0	0	0	0	0	0	0	0	0	0	0	0	0	0	5	0	0	0	0	0	0
161	Dose	schießen	n			6	Dosen	geschossen	X	schoß|schiesst|schieße|schießen|schössen|schossen|schiesse|schoss|schießt|schiessen	6	0	0	0	0	0	0	2	0	0	0	0	4	0	2	0	0	0	0	0	0	0	0	0	0	0	0	0	1	0	0	0	0	0	0
162	Büchse	schießen	n			6	Büchsen	geschossen	X	schoß|schiesst|schieße|schießen|schössen|schossen|schiesse|schoss|schießt|schiessen	4	0	0	0	0	0	0	3	0	0	0	0	1	0	0	0	0	0	0	0	0	0	0	0	0	0	2	0	0	0	0	0	0	0	0
166	Bedingung	schießen	s			6	Bedingungen	geschossen	X	schoß|schiesst|schieße|schießen|schössen|schossen|schiesse|schoss|schießt|schiessen	6	0	4	0	0	0	0	0	0	0	0	0	0	0	0	0	0	0	0	0	0	1	0	0	0	0	0	0	0	0	0	0	0	0	0
175	Senior	schießen	en			5	Senioren	geschossen	X	schoß|schiesst|schieße|schießen|schössen|schossen|schiesse|schoss|schießt|schiessen	4	0	1	0	0	0	0	0	0	0	0	0	2	0	0	0	0	0	0	0	0	0	0	0	0	0	0	0	0	0	0	0	0	0	0
177	Prinz	schießen	en			5	Prinzen	geschossen	X	schoß|schiesst|schieße|schießen|schössen|schossen|schiesse|schoss|schießt|schiessen	5	0	1	0	0	0	0	1	0	0	0	0	3	0	0	0	0	0	0	0	0	0	0	0	0	0	0	0	0	0	0	0	0	0	0
182	Medaille	schießen	n			5	Medaillen	geschossen	X	schoß|schiesst|schieße|schießen|schössen|schossen|schiesse|schoss|schießt|schiessen	4	0	3	0	0	0	0	0	0	0	0	0	1	0	0	0	0	0	0	0	0	0	0	0	0	0	0	0	0	0	0	0	0	0	0
163	Brücke	schlagen	n			6	Brücken	geschlagen	X	schlage|schlägt|schlug|schlügen|schlagt|schlagen|schlugen|schlägst	5	0	2	0	5	0	0	0	0	0	0	0	3	0	33	0	0	0	0	27	0	0	0	0	0	0	0	0	12	0	0	0	0	6	0
198	Haar	schneiden	e			5	Haare	geschnitten	X	schneidet|schnitten|schneide|schneiden|schneidest|schnitt|schnitte	54	4	11	0	87	0	0	25	2	19	1	0	11	2	50	5	0	0	0	4	3	0	0	0	0	0	0	0	12	2	0	0	0	7	1
167	Zitrone	schnitzen	n			5	Zitronen	geschnitzt	X	schnitzte|schnitzten|schnitzen|schnitze|schnitzt	5	0	2	0	0	0	0	0	0	0	0	0	2	0	0	0	0	0	0	0	0	0	0	0	0	0	0	0	0	0	0	1	0	0	0
27	Fahne	schwenken	n			33	Fahnen	geschwenkt	X	schwenkte|schwenkten|schwenken|schwenke|schwenkt	29	0	10	0	3	0	0	3	0	0	0	0	8	0	6	0	0	0	0	3	0	0	0	0	0	0	0	0	5	1	0	0	0	2	0
18	Farbe	sehen	n			51	Farben	gesehn	X	sähe|sah|seht|siehts|sahst|siehst|sieht|sehe|sehen|sahen|seh	40	0	20	0	31	5	0	0	0	0	0	0	12	0	27	1	0	0	0	14	1	0	0	0	0	0	0	0	0	0	0	0	0	15	0
155	Grenze	setzen	n			6	Grenzen	gesetzt	X	setzten|setzen|setzte|setze|setzet|setzt	6	0	2	0	33	0	0	3	0	0	0	0	0	0	131	4	1	0	0	106	2	0	0	0	0	0	1	0	566	17	0	0	0	77	3
86	Seife	sieden	n			10	Seife	gesotten	X	sott|sieden|sotten|siedet	5	0	2	0	0	0	0	2	0	0	0	0	1	0	3	0	0	0	0	0	0	0	0	0	0	0	0	0	0	0	0	0	0	0	0
121	Psalm	singen	en			7	Psalmen	gesungen	X	sänge|singet|singt|sangen|sang|singen|singe|singst	7	0	1	0	2	0	0	4	0	0	0	0	1	0	2	0	0	0	0	1	0	0	0	0	0	0	0	0	3	0	0	1	0	1	0
124	Martin	singen	s			7	Martin	gesungen	X	sänge|singet|singt|sangen|sang|singen|singe|singst	7	0	2	0	0	0	0	1	0	0	0	0	4	0	0	0	0	0	0	0	0	0	0	0	0	0	0	0	0	0	0	0	0	0	0
126	Leistung	singen	s			7	Leistungen	gesungen	X	sänge|singet|singt|sangen|sang|singen|singe|singst	7	0	2	0	0	0	0	1	0	0	0	0	4	0	0	0	0	0	0	0	0	0	0	0	0	0	0	0	0	0	0	0	0	0	0
38	Punkt	springen	e			23	Punkte	gesprungen	X	sprang|springst|springe|springt|sprangen|springen	22	0	5	0	1	0	0	12	0	0	0	0	3	0	1	0	0	0	0	0	0	0	0	0	0	0	0	0	0	0	0	0	0	5	0
44	Mannschaft	springen	s			21	Mannschaften	gesprungen	X	sprang|springst|springe|springt|sprangen|springen	18	0	2	0	0	0	0	12	0	0	0	0	3	0	0	0	0	0	0	0	0	0	0	0	0	0	0	0	0	0	0	0	0	0	0
63	Klippe	springen	n			15	Klippen	gesprungen	X	sprang|springst|springe|springt|sprangen|springen	15	0	1	0	0	0	0	4	0	0	0	0	10	0	3	0	0	0	0	0	0	0	0	0	0	0	0	0	1	0	0	0	0	1	0
150	Lücke	springen	n			6	Lücken	gesprungen	X	sprang|springst|springe|springt|sprangen|springen	7	0	1	0	0	0	0	3	0	0	0	0	2	0	0	0	0	0	0	0	0	0	0	0	0	0	0	0	0	0	0	0	0	0	0
171	Stafette	springen	n			5	Stafetten	gesprungen	X	sprang|springst|springe|springt|sprangen|springen	3	0	1	0	0	0	0	0	0	0	0	0	1	0	0	0	0	0	0	0	0	0	0	0	0	0	0	0	0	0	0	0	0	0	0
176	Qualifikation	springen	s			5	Qualifikationen	gesprungen	X	sprang|springst|springe|springt|sprangen|springen	5	0	3	0	0	0	0	0	0	0	0	0	0	0	0	0	0	0	0	0	0	0	0	0	0	0	0	0	0	0	0	0	0	0	0
96	Pferd	stehlen	e			9	Pferde	gestohlen	X	stahlen|stahl|stehlen|stehle|stiehlst|stiehlt	9	0	0	0	1	0	0	8	0	3	1	0	0	0	42	2	0	0	0	3	0	0	0	0	0	0	0	0	8	0	0	0	0	1	0
139	Treppe	steigen	n			6	Treppen	gestiegen	X	steigt|steige|stiegen|steigst|steigen|stieg|stiege	324	13	96	2	41	2	0	100	1	4	0	0	95	9	58	5	0	0	0	13	0	0	0	0	0	0	0	0	2	0	0	3	0	7	2
137	Welle	surfen	n			6	Wellen	gesurft	X	surf|surfte|surfe|surften|surfst|surfen|surft	5	0	1	0	0	0	0	0	0	0	0	0	4	0	1	0	0	0	0	1	0	0	0	0	0	0	0	0	0	0	0	0	0	0	1
29	Höhle	tauchen	n			30	Höhlen	getaucht	X	tauchst|tauchte|taucht|tauchten|tauche|tauchen	23	8	5	0	0	0	0	8	0	0	0	0	5	7	1	0	0	0	0	0	0	0	0	0	0	0	0	0	0	0	0	0	0	0	0
37	Strecke	tauchen	n			24	Strecken	getaucht	X	tauchst|tauchte|taucht|tauchten|tauche|tauchen	21	1	1	1	0	0	0	4	0	0	0	0	15	0	0	0	0	0	0	0	0	0	0	0	0	0	0	0	0	0	0	0	0	0	0
193	Hypothese	testen	n			5	Hypothesen	getestet	X	testet|testen|teste|testeten|testete	5	0	1	0	0	0	0	1	0	0	0	0	2	0	2	0	0	0	0	0	0	0	0	0	0	0	0	0	0	0	0	0	0	0	0
136	Welpe	töten	n			6	Welpen	getötet	X	tötest|töten|töteten|tötete|tötet|töte	4	0	1	0	1	0	0	1	0	0	0	0	1	0	1	0	0	0	0	0	0	0	0	0	0	0	0	0	2	0	0	0	0	0	0
142	Stange	treten	n			6	Stangen	getreten	X	treten|tritt|traten|trete|trat|tretet|träten|träte|trittst	3	0	0	0	1	0	0	0	0	0	0	0	3	0	1	0	0	0	0	0	0	0	0	0	0	0	0	0	1	0	0	0	0	0	0
195	Hand	trocknen	~e			5	Hände	getrocknet	X	trocknet|trockneten|trocknen|trockne|trocknete	5	0	0	0	0	0	0	3	0	0	0	0	0	0	0	0	0	0	0	0	0	0	0	0	0	0	0	0	0	0	0	0	0	0	0
56	Falte	unterspritzen	n	unter		17	Falten	unterspritzt	X	unterspritze|unterspritzt|unterspritzen|unterspritzte|unterspritztest|unterspritzten	7	0	3	0	0	0	0	1	0	0	0	0	2	0	3	0	0	0	0	1	0	0	0	0	0	0	0	0	1	0	0	0	0	1	0
104	Auge	verdrehen	n	ver		9	Augen	verdreht	X	verdrehte|verdrehe|verdreht|verdrehen|verdrehten	9	1	2	1	47	4	0	0	0	0	0	0	4	0	4	1	0	0	0	0	1	0	0	0	0	0	0	1	6	0	0	0	1	10	0
50	Schiff	versenken	e	ver		18	Schiffe	versenkt	X	versenkte|versenkt|versenken|versenkten	18	0	3	0	7	0	0	2	0	2	0	0	9	0	42	0	0	0	0	1	0	0	0	0	0	0	0	0	12	1	0	0	0	13	1
159	Fisch	versenken	e	ver		6	Fische	versenkt	X	versenkte|versenkt|versenken|versenkten	3	0	0	0	0	0	0	0	0	0	0	0	2	0	0	0	0	0	0	0	0	0	0	0	0	0	0	0	0	0	0	0	0	0	0
201	Geschenk	verteilen	e	ver		5	Geschenke	verteilt	X	verteilten|verteilen|verteile|verteilt|verteilte	5	0	0	0	13	0	0	4	0	3	0	0	0	0	14	1	0	0	0	16	0	0	0	0	0	0	0	0	21	0	0	0	0	27	0
2	Hand	waschen	~e			335	Hände	gewaschen	X	wascht|waschen|wusch|wasche|wüschen|wäscht|wuschen	304	7	56	1	115	2	0	77	1	11	2	0	69	4	75	3	0	0	0	7	0	0	0	0	0	0	0	0	12	0	0	0	0	3	1
9	Haar	waschen	e			121	Haare	gewaschen	X	wascht|waschen|wusch|wasche|wüschen|wäscht|wuschen	111	6	32	3	78	0	2	33	3	23	4	1	24	0	61	6	0	0	0	6	2	1	0	2	0	0	0	0	15	2	0	1	0	7	2
129	Fuß	waschen	~e			7	Füsse	gewaschen	X	wascht|waschen|wusch|wasche|wüschen|wäscht|wuschen	1	0	0	0	0	0	0	0	0	0	0	0	1	0	0	1	0	0	0	4	0	0	0	0	0	0	0	0	0	0	0	0	0	1	0
60	Fahne	weihen	n			16	Fahnen	geweiht	X	weiht|weihen|weihte|weihe|weihten	15	0	1	0	0	0	0	0	0	0	0	0	13	0	0	0	0	0	0	0	0	0	0	0	0	0	0	0	0	0	0	186	1	0	0
14	Dose	werfen	n			71	Dosen	geworfen	X	werft|würfen|würfe|wirfst|werfe|werfen|warf|warfen|wirft	68	1	3	0	1	0	0	11	0	0	0	0	49	1	6	0	0	0	0	0	0	0	0	0	0	0	0	0	0	0	0	0	0	0	0
28	Stein	werfen	e			30	Steine	geworfen	X	werft|würfen|würfe|wirfst|werfe|werfen|warf|warfen|wirft	26	1	9	0	7	0	0	7	0	5	0	0	7	1	25	1	0	0	0	14	1	0	0	0	0	0	0	0	22	0	0	3	0	14	1
43	Büchse	werfen	n			22	Büchsen	geworfen	X	werft|würfen|würfe|wirfst|werfe|werfen|warf|warfen|wirft	22	0	4	0	0	0	0	6	0	0	0	0	11	0	2	0	0	0	0	0	0	0	0	0	0	0	0	0	0	0	0	0	0	0	0
58	Tor	werfen	e			16	Toren	geworfen	X	werft|würfen|würfe|wirfst|werfe|werfen|warf|warfen|wirft	0	0	0	0	0	0	0	0	0	0	0	0	0	0	0	0	0	0	0	1	0	0	0	0	0	0	0	0	0	0	0	0	0	1	0
62	Ring	werfen	e			15	Ringe	geworfen	X	werft|würfen|würfe|wirfst|werfe|werfen|warf|warfen|wirft	15	0	1	0	0	0	0	2	0	1	0	0	11	0	3	0	0	0	0	0	0	1	0	0	0	0	0	0	1	0	0	0	0	0	0
64	Ei	werfen	er			15	Eier	geworfen	X	werft|würfen|würfe|wirfst|werfe|werfen|warf|warfen|wirft	11	0	3	0	0	0	0	4	0	0	0	0	2	0	0	0	0	0	0	2	0	0	0	0	0	0	0	0	0	0	0	8	0	0	0
107	Rakete	werfen	n			8	Raketen	geworfen	X	werft|würfen|würfe|wirfst|werfe|werfen|warf|warfen|wirft	8	0	3	0	0	0	0	0	0	0	0	0	5	0	0	0	0	0	0	0	0	0	0	0	0	0	0	0	1	0	0	0	0	1	0
122	Münze	werfen	n			7	Münzen	geworfen	X	werft|würfen|würfe|wirfst|werfe|werfen|warf|warfen|wirft	7	0	1	0	0	0	0	2	0	1	0	0	2	0	9	0	0	0	0	0	0	0	0	0	0	0	0	0	1	0	0	0	0	0	0
127	Krug	werfen	~e			7	Krüge	geworfen	X	werft|würfen|würfe|wirfst|werfe|werfen|warf|warfen|wirft	3	0	2	0	0	0	0	0	0	0	0	0	1	0	0	1	0	0	0	0	0	0	0	0	0	0	0	0	0	0	0	0	0	0	0
165	Bombe	werfen	n			6	Bomben	geworfen	X	werft|würfen|würfe|wirfst|werfe|werfen|warf|warfen|wirft	5	0	3	0	4	0	0	1	0	1	0	0	1	0	10	2	0	0	0	2	0	0	0	0	0	0	0	0	7	0	0	5	0	6	0
203	Flasche	werfen	n			5	Flaschen	geworfen	X	werft|würfen|würfe|wirfst|werfe|werfen|warf|warfen|wirft	5	0	2	0	0	0	0	0	0	0	0	0	2	0	5	0	0	0	0	0	1	0	0	0	0	0	0	0	5	1	0	30	0	5	0
111	Kralle	wetzen	n			8	Krallen	gewetzt	X	wetzte|wetze|wetzt|wetzten|wetzen	7	0	4	0	0	0	0	2	0	1	0	0	0	0	4	0	0	0	0	0	0	0	0	0	0	0	0	0	0	0	0	0	0	1	0
156	Gemeinschaft	wohnen	s			6	Gemeinschaften	gewohnt	X	wohne|wohnen|wohnet|wohnte|wohnt|wohnten|wohnst	5	0	1	0	0	0	0	0	0	0	0	0	2	0	0	0	0	0	0	0	0	0	0	0	0	0	0	0	0	0	0	0	0	0	0
13	Kalorie	zählen	n			71	Kalorien	gezählt	X	zählst|zählten|zähle|zählen|zählte|zählt	70	4	15	0	9	1	0	5	0	1	0	0	32	3	25	1	1	0	0	15	1	0	0	0	0	0	0	0	7	1	0	0	0	6	0
82	Erbse	zählen	n			11	Erbsen	gezählt	X	zählst|zählten|zähle|zählen|zählte|zählt	8	2	1	1	7	0	0	2	0	1	0	0	0	1	10	1	0	0	0	5	0	0	0	0	0	0	0	0	5	0	0	0	0	5	1
108	Punkt	zählen	e			8	Punkte	gezählt	X	zählst|zählten|zähle|zählen|zählte|zählt	4	0	2	0	14	0	0	0	0	0	0	0	2	0	16	1	0	0	0	1	0	0	0	1	0	0	0	0	9	0	0	0	0	2	2
174	Silbe	zählen	n			5	Silben	gezählt	X	zählst|zählten|zähle|zählen|zählte|zählt	4	0	1	0	0	0	0	2	0	0	0	0	0	0	1	0	0	0	0	0	0	0	0	0	0	0	0	0	0	0	0	0	0	0	0
190	Karte	zählen	n			5	Karten	gezählt	X	zählst|zählten|zähle|zählen|zählte|zählt	5	0	3	0	5	0	0	0	0	0	0	0	2	0	1	0	0	0	0	1	0	0	0	0	0	0	0	0	0	0	0	0	0	0	0
110	Maschine	zeichnen	n			8	Maschinen	gezeichnet	X	zeichnen|zeichnet|zeichnete|zeichne|zeichneten	6	0	0	0	3	0	0	1	0	0	0	0	5	0	0	0	0	0	0	0	0	0	0	0	0	0	0	0	0	0	0	0	0	0	0
112	Karte	zeichnen	n			8	Karten	gezeichnet	X	zeichnen|zeichnet|zeichnete|zeichne|zeichneten	6	0	1	0	1	0	0	0	0	0	0	0	3	0	8	0	1	0	0	5	0	0	0	0	0	0	0	0	2	0	0	0	0	3	0
157	Form	zeichnen	en			6	Formen	gezeichnet	X	zeichnen|zeichnet|zeichnete|zeichne|zeichneten	6	0	2	0	0	0	0	1	0	0	0	0	3	0	3	0	0	0	0	0	0	0	0	0	0	0	0	0	0	0	0	0	0	0	0
39	Kerze	ziehen	n			23	Kerzen	gezogen	X	ziehst|zog|ziehe|ziehen|zogen|zögen|zieht|zöge	20	0	4	0	0	0	0	4	0	0	0	0	8	0	5	0	0	0	0	1	0	0	0	0	0	0	0	0	3	0	0	0	0	0	0
41	Zahn	ziehen	~e			22	Zähne	gezogen	X	ziehst|zog|ziehe|ziehen|zogen|zögen|zieht|zöge	21	0	8	0	22	3	0	5	0	3	0	0	8	0	19	1	1	0	0	3	0	0	0	0	0	0	0	0	25	1	0	0	0	0	0
80	Karte	ziehen	n			11	Karten	gezogen	X	ziehst|zog|ziehe|ziehen|zogen|zögen|zieht|zöge	10	0	2	0	10	0	0	3	0	0	0	0	0	0	27	1	1	0	0	4	0	0	0	0	0	0	0	0	9	0	0	0	0	11	1
185	Linie	ziehen	n			5	Linien	gezogen	X	ziehst|zog|ziehe|ziehen|zogen|zögen|zieht|zöge	5	0	1	0	1	0	0	2	0	0	0	0	0	0	6	0	0	0	0	1	0	0	0	0	0	0	1	11	7	0	0	0	0	0	0
197	Haar	ziehen	e			5	Haare	gezogen	X	ziehst|zog|ziehe|ziehen|zogen|zögen|zieht|zöge	4	0	0	0	3	0	0	1	0	1	0	0	3	0	10	1	0	0	0	0	0	0	0	0	0	0	0	0	0	0	0	0	0	1	0
144	Schuh	zubinden	e		zu	6	Schuhe	zugebunden	zuzubinden	zubinden	4	0	1	0	12	1	0	3	0	0	0	0	0	0	9	0	0	0	0	0	0	0	0	0	0	0	0	0	0	0	0	0	0	0	0
22	Auge	zucken	n			38	Augen	gezuckt	X	zuckt|zuckte|zuckten|zucken|zucke	35	3	16	2	2	0	0	1	0	0	0	0	12	1	0	0	0	0	0	0	0	0	0	0	0	0	0	0	0	0	0	0	0	7	0
117	Zahn	zusammenbeißen	~e		zusammen	7	Zähne	zusammengebissen	zusammenzubeißen	zusammenbeißt|zusammenbeissen|zusammenbeisst|zusammenbeißen	4	0	2	0	33	1	0	0	0	0	0	0	2	0	17	0	0	0	0	0	0	0	0	0	0	0	0	0	4	0	0	0	0	1	0
